review_row_id,experimental_segment_id,recording_take_no,batch_take_no,script_id,batch_id,source_raw_file,segment_file_path,segment_filename,event_id,event_range,gesture_id,normalized_name,expected_sample_type,realization_variant,confidence_level,split_confidence,review_reason,current_start_time_s,current_end_time_s,recommended_action,review_decision,review_adjusted_start_time_s,review_adjusted_end_time_s,review_note
BR_001,EXP_RS_XWC_001_MVP_PILOT_T001,001,001,RS_XWC_001_001,batch01,02_recordings/raw_audio/QINIST_001/XWC/RS_XWC_001_MVP_PILOT/raw/batch01.m4a,02_recordings/raw_audio/QINIST_001/XWC/RS_XWC_001_MVP_PILOT/experimental_split/segment_candidates/SEG_XWC_PILOT_T001_RS_XWC_001_001_SAN_TIAO_7_straight.wav,SEG_XWC_PILOT_T001_RS_XWC_001_001_SAN_TIAO_7_straight.wav,XWC_P01_N01,,SAN_TIAO_7,散挑七,atomic,straight,medium,0.58,uncertain_slate_performance_boundary,0.940,3.520,audition and adjust boundary if needed,,,,
BR_002,EXP_RS_XWC_001_MVP_PILOT_T002,002,002,RS_XWC_001_002,batch01,02_recordings/raw_audio/QINIST_001/XWC/RS_XWC_001_MVP_PILOT/raw/batch01.m4a,02_recordings/raw_audio/QINIST_001/XWC/RS_XWC_001_MVP_PILOT/experimental_split/segment_candidates/SEG_XWC_PILOT_T002_RS_XWC_001_002_SAN_GOU_5_straight.wav,SEG_XWC_PILOT_T002_RS_XWC_001_002_SAN_GOU_5_straight.wav,XWC_P01_N02,,SAN_GOU_5,散勾五,atomic,straight,medium,0.58,uncertain_slate_performance_boundary,3.860,6.900,audition and adjust boundary if needed,,,,
BR_003,EXP_RS_XWC_001_MVP_PILOT_T004,004,032,RS_XWC_001_004,batch01,02_recordings/raw_audio/QINIST_001/XWC/RS_XWC_001_MVP_PILOT/raw/batch01.m4a,02_recordings/raw_audio/QINIST_001/XWC/RS_XWC_001_MVP_PILOT/experimental_split/segment_candidates/SEG_XWC_PILOT_T004_RS_XWC_001_004_AN_RING_10_GOU_5_straight.wav,SEG_XWC_PILOT_T004_RS_XWC_001_004_AN_RING_10_GOU_5_straight.wav,XWC_P01_N04,,AN_RING_10_GOU_5,名十勾五,atomic,straight,medium,0.58,uncertain_slate_performance_boundary,10.960,13.700,audition and adjust boundary if needed,,,,
BR_004,EXP_RS_XWC_001_MVP_PILOT_T005,005,050,RS_XWC_001_005,batch01,02_recordings/raw_audio/QINIST_001/XWC/RS_XWC_001_MVP_PILOT/raw/batch01.m4a,02_recordings/raw_audio/QINIST_001/XWC/RS_XWC_001_MVP_PILOT/experimental_split/segment_candidates/SEG_XWC_PILOT_T005_RS_XWC_001_005_AN_RING_10_GOU_5_chuo.wav,SEG_XWC_PILOT_T005_RS_XWC_001_005_AN_RING_10_GOU_5_chuo.wav,XWC_P01_N04,,AN_RING_10_GOU_5,名十勾五,atomic,chuo,medium,0.58,uncertain_slate_performance_boundary,15.040,17.700,audition and adjust boundary if needed,,,,
BR_005,EXP_RS_XWC_001_MVP_PILOT_T006,006,004,RS_XWC_001_006,batch01,02_recordings/raw_audio/QINIST_001/XWC/RS_XWC_001_MVP_PILOT/raw/batch01.m4a,02_recordings/raw_audio/QINIST_001/XWC/RS_XWC_001_MVP_PILOT/experimental_split/segment_candidates/SEG_XWC_PILOT_T006_RS_XWC_001_006_SAN_TIAO_7_straight.wav,SEG_XWC_PILOT_T006_RS_XWC_001_006_SAN_TIAO_7_straight.wav,XWC_P02_N01,,SAN_TIAO_7,散挑七,atomic,straight,medium,0.58,uncertain_slate_performance_boundary,17.700,20.600,audition and adjust boundary if needed,,,,
BR_006,EXP_RS_XWC_001_MVP_PILOT_T007,007,005,RS_XWC_001_007,batch01,02_recordings/raw_audio/QINIST_001/XWC/RS_XWC_001_MVP_PILOT/raw/batch01.m4a,02_recordings/raw_audio/QINIST_001/XWC/RS_XWC_001_MVP_PILOT/experimental_split/segment_candidates/SEG_XWC_PILOT_T007_RS_XWC_001_007_SAN_GOU_5_straight.wav,SEG_XWC_PILOT_T007_RS_XWC_001_007_SAN_GOU_5_straight.wav,XWC_P02_N02,,SAN_GOU_5,散勾五,atomic,straight,medium,0.58,uncertain_slate_performance_boundary,21.360,23.960,audition and adjust boundary if needed,,,,
BR_007,EXP_RS_XWC_001_MVP_PILOT_T008,008,006,RS_XWC_001_008,batch01,02_recordings/raw_audio/QINIST_001/XWC/RS_XWC_001_MVP_PILOT/raw/batch01.m4a,02_recordings/raw_audio/QINIST_001/XWC/RS_XWC_001_MVP_PILOT/experimental_split/segment_candidates/SEG_XWC_PILOT_T008_RS_XWC_001_008_SAN_TIAO_6_straight.wav,SEG_XWC_PILOT_T008_RS_XWC_001_008_SAN_TIAO_6_straight.wav,XWC_P02_N03,,SAN_TIAO_6,散挑六,atomic,straight,medium,0.58,uncertain_slate_performance_boundary,23.960,26.460,audition and adjust boundary if needed,,,,
BR_008,EXP_RS_XWC_001_MVP_PILOT_T009,009,033,RS_XWC_001_009,batch01,02_recordings/raw_audio/QINIST_001/XWC/RS_XWC_001_MVP_PILOT/raw/batch01.m4a,02_recordings/raw_audio/QINIST_001/XWC/RS_XWC_001_MVP_PILOT/experimental_split/segment_candidates/SEG_XWC_PILOT_T009_RS_XWC_001_009_AN_RING_10_GOU_4_straight.wav,SEG_XWC_PILOT_T009_RS_XWC_001_009_AN_RING_10_GOU_4_straight.wav,XWC_P02_N04,,AN_RING_10_GOU_4,名十勾四,atomic,straight,medium,0.58,uncertain_slate_performance_boundary,26.460,29.000,audition and adjust boundary if needed,,,,
BR_009,EXP_RS_XWC_001_MVP_PILOT_T010,010,051,RS_XWC_001_010,batch01,02_recordings/raw_audio/QINIST_001/XWC/RS_XWC_001_MVP_PILOT/raw/batch01.m4a,02_recordings/raw_audio/QINIST_001/XWC/RS_XWC_001_MVP_PILOT/experimental_split/segment_candidates/SEG_XWC_PILOT_T010_RS_XWC_001_010_AN_RING_10_GOU_4_chuo.wav,SEG_XWC_PILOT_T010_RS_XWC_001_010_AN_RING_10_GOU_4_chuo.wav,XWC_P02_N04,,AN_RING_10_GOU_4,名十勾四,atomic,chuo,medium,0.58,uncertain_slate_performance_boundary,29.000,31.780,audition and adjust boundary if needed,,,,
BR_010,EXP_RS_XWC_001_MVP_PILOT_T011,011,007,RS_XWC_001_011,batch01,02_recordings/raw_audio/QINIST_001/XWC/RS_XWC_001_MVP_PILOT/raw/batch01.m4a,02_recordings/raw_audio/QINIST_001/XWC/RS_XWC_001_MVP_PILOT/experimental_split/segment_candidates/SEG_XWC_PILOT_T011_RS_XWC_001_011_SAN_TIAO_7_straight.wav,SEG_XWC_PILOT_T011_RS_XWC_001_011_SAN_TIAO_7_straight.wav,XWC_P02_N05,,SAN_TIAO_7,散挑七,atomic,straight,medium,0.58,uncertain_slate_performance_boundary,32.160,34.500,audition and adjust boundary if needed,,,,
BR_011,EXP_RS_XWC_001_MVP_PILOT_T012,012,034,RS_XWC_001_012,batch01,02_recordings/raw_audio/QINIST_001/XWC/RS_XWC_001_MVP_PILOT/raw/batch01.m4a,02_recordings/raw_audio/QINIST_001/XWC/RS_XWC_001_MVP_PILOT/experimental_split/segment_candidates/SEG_XWC_PILOT_T012_RS_XWC_001_012_AN_THUMB_9_GOU_4_straight.wav,SEG_XWC_PILOT_T012_RS_XWC_001_012_AN_THUMB_9_GOU_4_straight.wav,XWC_P02_N06,,AN_THUMB_9_GOU_4,大九勾四,atomic,straight,medium,0.58,uncertain_slate_performance_boundary,34.500,37.080,audition and adjust boundary if needed,,,,
BR_012,EXP_RS_XWC_001_MVP_PILOT_T013,013,052,RS_XWC_001_013,batch01,02_recordings/raw_audio/QINIST_001/XWC/RS_XWC_001_MVP_PILOT/raw/batch01.m4a,02_recordings/raw_audio/QINIST_001/XWC/RS_XWC_001_MVP_PILOT/experimental_split/segment_candidates/SEG_XWC_PILOT_T013_RS_XWC_001_013_AN_THUMB_9_GOU_4_chuo.wav,SEG_XWC_PILOT_T013_RS_XWC_001_013_AN_THUMB_9_GOU_4_chuo.wav,XWC_P02_N06,,AN_THUMB_9_GOU_4,大九勾四,atomic,chuo,medium,0.58,uncertain_slate_performance_boundary,37.080,39.620,audition and adjust boundary if needed,,,,
BR_013,EXP_RS_XWC_001_MVP_PILOT_T014,014,008,RS_XWC_001_014,batch01,02_recordings/raw_audio/QINIST_001/XWC/RS_XWC_001_MVP_PILOT/raw/batch01.m4a,02_recordings/raw_audio/QINIST_001/XWC/RS_XWC_001_MVP_PILOT/experimental_split/segment_candidates/SEG_XWC_PILOT_T014_RS_XWC_001_014_SAN_TIAO_6_straight.wav,SEG_XWC_PILOT_T014_RS_XWC_001_014_SAN_TIAO_6_straight.wav,XWC_P03_N01,,SAN_TIAO_6,散挑六,atomic,straight,medium,0.58,uncertain_slate_performance_boundary,39.740,42.260,audition and adjust boundary if needed,,,,
BR_014,EXP_RS_XWC_001_MVP_PILOT_T015,015,009,RS_XWC_001_015,batch01,02_recordings/raw_audio/QINIST_001/XWC/RS_XWC_001_MVP_PILOT/raw/batch01.m4a,02_recordings/raw_audio/QINIST_001/XWC/RS_XWC_001_MVP_PILOT/experimental_split/segment_candidates/SEG_XWC_PILOT_T015_RS_XWC_001_015_SAN_GOU_4_straight.wav,SEG_XWC_PILOT_T015_RS_XWC_001_015_SAN_GOU_4_straight.wav,XWC_P03_N02,,SAN_GOU_4,散勾四,atomic,straight,medium,0.58,uncertain_slate_performance_boundary,42.260,44.640,audition and adjust boundary if needed,,,,
BR_015,EXP_RS_XWC_001_MVP_PILOT_T016,016,010,RS_XWC_001_016,batch01,02_recordings/raw_audio/QINIST_001/XWC/RS_XWC_001_MVP_PILOT/raw/batch01.m4a,02_recordings/raw_audio/QINIST_001/XWC/RS_XWC_001_MVP_PILOT/experimental_split/segment_candidates/SEG_XWC_PILOT_T016_RS_XWC_001_016_SAN_TIAO_5_straight.wav,SEG_XWC_PILOT_T016_RS_XWC_001_016_SAN_TIAO_5_straight.wav,XWC_P03_N03,,SAN_TIAO_5,散挑五,atomic,straight,medium,0.58,uncertain_slate_performance_boundary,44.640,47.420,audition and adjust boundary if needed,,,,
BR_016,EXP_RS_XWC_001_MVP_PILOT_T017,017,035,RS_XWC_001_017,batch01,02_recordings/raw_audio/QINIST_001/XWC/RS_XWC_001_MVP_PILOT/raw/batch01.m4a,02_recordings/raw_audio/QINIST_001/XWC/RS_XWC_001_MVP_PILOT/experimental_split/segment_candidates/SEG_XWC_PILOT_T017_RS_XWC_001_017_AN_RING_10_8_GOU_3_straight.wav,SEG_XWC_PILOT_T017_RS_XWC_001_017_AN_RING_10_8_GOU_3_straight.wav,XWC_P03_N04,,AN_RING_10_8_GOU_3,名十徽八勾三,atomic,straight,medium,0.58,uncertain_slate_performance_boundary,47.440,49.900,audition and adjust boundary if needed,,,,
BR_017,EXP_RS_XWC_001_MVP_PILOT_T018,018,066,RS_XWC_001_018,batch01,02_recordings/raw_audio/QINIST_001/XWC/RS_XWC_001_MVP_PILOT/raw/batch01.m4a,02_recordings/raw_audio/QINIST_001/XWC/RS_XWC_001_MVP_PILOT/experimental_split/segment_candidates/SEG_XWC_PILOT_T018_RS_XWC_001_018_AN_RING_10_8_GOU_3_zhu.wav,SEG_XWC_PILOT_T018_RS_XWC_001_018_AN_RING_10_8_GOU_3_zhu.wav,XWC_P03_N04,,AN_RING_10_8_GOU_3,名十徽八勾三,atomic,zhu,forced_review,0.55,zhu_special_item;uncertain_slate_performance_boundary,49.900,52.300,audition and adjust boundary if needed,,,,
BR_018,EXP_RS_XWC_001_MVP_PILOT_T019,019,011,RS_XWC_001_019,batch01,02_recordings/raw_audio/QINIST_001/XWC/RS_XWC_001_MVP_PILOT/raw/batch01.m4a,02_recordings/raw_audio/QINIST_001/XWC/RS_XWC_001_MVP_PILOT/experimental_split/segment_candidates/SEG_XWC_PILOT_T019_RS_XWC_001_019_SAN_TIAO_6_straight.wav,SEG_XWC_PILOT_T019_RS_XWC_001_019_SAN_TIAO_6_straight.wav,XWC_P03_N05,,SAN_TIAO_6,散挑六,atomic,straight,medium,0.58,uncertain_slate_performance_boundary,52.720,54.680,audition and adjust boundary if needed,,,,
BR_019,EXP_RS_XWC_001_MVP_PILOT_T020,020,036,RS_XWC_001_020,batch01,02_recordings/raw_audio/QINIST_001/XWC/RS_XWC_001_MVP_PILOT/raw/batch01.m4a,02_recordings/raw_audio/QINIST_001/XWC/RS_XWC_001_MVP_PILOT/experimental_split/segment_candidates/SEG_XWC_PILOT_T020_RS_XWC_001_020_AN_THUMB_9_GOU_3_straight.wav,SEG_XWC_PILOT_T020_RS_XWC_001_020_AN_THUMB_9_GOU_3_straight.wav,XWC_P03_N06,,AN_THUMB_9_GOU_3,大九勾三,atomic,straight,medium,0.58,uncertain_slate_performance_boundary,54.680,57.140,audition and adjust boundary if needed,,,,
BR_020,EXP_RS_XWC_001_MVP_PILOT_T021,021,053,RS_XWC_001_021,batch01,02_recordings/raw_audio/QINIST_001/XWC/RS_XWC_001_MVP_PILOT/raw/batch01.m4a,02_recordings/raw_audio/QINIST_001/XWC/RS_XWC_001_MVP_PILOT/experimental_split/segment_candidates/SEG_XWC_PILOT_T021_RS_XWC_001_021_AN_THUMB_9_GOU_3_chuo.wav,SEG_XWC_PILOT_T021_RS_XWC_001_021_AN_THUMB_9_GOU_3_chuo.wav,XWC_P03_N06,,AN_THUMB_9_GOU_3,大九勾三,atomic,chuo,medium,0.58,uncertain_slate_performance_boundary,57.140,59.060,audition and adjust boundary if needed,,,,
BR_021,EXP_RS_XWC_001_MVP_PILOT_T022,022,012,RS_XWC_001_022,batch01,02_recordings/raw_audio/QINIST_001/XWC/RS_XWC_001_MVP_PILOT/raw/batch01.m4a,02_recordings/raw_audio/QINIST_001/XWC/RS_XWC_001_MVP_PILOT/experimental_split/segment_candidates/SEG_XWC_PILOT_T022_RS_XWC_001_022_SAN_TIAO_5_straight.wav,SEG_XWC_PILOT_T022_RS_XWC_001_022_SAN_TIAO_5_straight.wav,XWC_P04_N01,,SAN_TIAO_5,散挑五,atomic,straight,medium,0.58,uncertain_slate_performance_boundary,59.060,61.880,audition and adjust boundary if needed,,,,
BR_022,EXP_RS_XWC_001_MVP_PILOT_T026,026,054,RS_XWC_001_026,batch01,02_recordings/raw_audio/QINIST_001/XWC/RS_XWC_001_MVP_PILOT/raw/batch01.m4a,02_recordings/raw_audio/QINIST_001/XWC/RS_XWC_001_MVP_PILOT/experimental_split/segment_candidates/SEG_XWC_PILOT_T026_RS_XWC_001_026_AN_RING_10_GOU_2_chuo.wav,SEG_XWC_PILOT_T026_RS_XWC_001_026_AN_RING_10_GOU_2_chuo.wav,XWC_P04_N04,,AN_RING_10_GOU_2,名十勾二,atomic,chuo,medium,0.58,uncertain_slate_performance_boundary,72.780,75.280,audition and adjust boundary if needed,,,,
BR_023,EXP_RS_XWC_001_MVP_PILOT_T027,027,015,RS_XWC_001_027,batch01,02_recordings/raw_audio/QINIST_001/XWC/RS_XWC_001_MVP_PILOT/raw/batch01.m4a,02_recordings/raw_audio/QINIST_001/XWC/RS_XWC_001_MVP_PILOT/experimental_split/segment_candidates/SEG_XWC_PILOT_T027_RS_XWC_001_027_SAN_TIAO_5_straight.wav,SEG_XWC_PILOT_T027_RS_XWC_001_027_SAN_TIAO_5_straight.wav,XWC_P04_N05,,SAN_TIAO_5,散挑五,atomic,straight,medium,0.58,uncertain_slate_performance_boundary,75.500,77.140,audition and adjust boundary if needed,,,,
BR_024,EXP_RS_XWC_001_MVP_PILOT_T028,028,038,RS_XWC_001_028,batch01,02_recordings/raw_audio/QINIST_001/XWC/RS_XWC_001_MVP_PILOT/raw/batch01.m4a,02_recordings/raw_audio/QINIST_001/XWC/RS_XWC_001_MVP_PILOT/experimental_split/segment_candidates/SEG_XWC_PILOT_T028_RS_XWC_001_028_AN_THUMB_9_GOU_2_straight.wav,SEG_XWC_PILOT_T028_RS_XWC_001_028_AN_THUMB_9_GOU_2_straight.wav,XWC_P04_N06,,AN_THUMB_9_GOU_2,大九勾二,atomic,straight,medium,0.58,uncertain_slate_performance_boundary,77.140,79.420,audition and adjust boundary if needed,,,,
BR_025,EXP_RS_XWC_001_MVP_PILOT_T029,029,055,RS_XWC_001_029,batch01,02_recordings/raw_audio/QINIST_001/XWC/RS_XWC_001_MVP_PILOT/raw/batch01.m4a,02_recordings/raw_audio/QINIST_001/XWC/RS_XWC_001_MVP_PILOT/experimental_split/segment_candidates/SEG_XWC_PILOT_T029_RS_XWC_001_029_AN_THUMB_9_GOU_2_chuo.wav,SEG_XWC_PILOT_T029_RS_XWC_001_029_AN_THUMB_9_GOU_2_chuo.wav,XWC_P04_N06,,AN_THUMB_9_GOU_2,大九勾二,atomic,chuo,medium,0.58,uncertain_slate_performance_boundary,79.420,81.580,audition and adjust boundary if needed,,,,
BR_026,EXP_RS_XWC_001_MVP_PILOT_T030,030,016,RS_XWC_001_030,batch01,02_recordings/raw_audio/QINIST_001/XWC/RS_XWC_001_MVP_PILOT/raw/batch01.m4a,02_recordings/raw_audio/QINIST_001/XWC/RS_XWC_001_MVP_PILOT/experimental_split/segment_candidates/SEG_XWC_PILOT_T030_RS_XWC_001_030_SAN_TIAO_4_straight.wav,SEG_XWC_PILOT_T030_RS_XWC_001_030_SAN_TIAO_4_straight.wav,XWC_P05_N01,,SAN_TIAO_4,散挑四,atomic,straight,medium,0.58,uncertain_slate_performance_boundary,81.580,84.000,audition and adjust boundary if needed,,,,
BR_027,EXP_RS_XWC_001_MVP_PILOT_T031,031,017,RS_XWC_001_031,batch01,02_recordings/raw_audio/QINIST_001/XWC/RS_XWC_001_MVP_PILOT/raw/batch01.m4a,02_recordings/raw_audio/QINIST_001/XWC/RS_XWC_001_MVP_PILOT/experimental_split/segment_candidates/SEG_XWC_PILOT_T031_RS_XWC_001_031_SAN_GOU_2_straight.wav,SEG_XWC_PILOT_T031_RS_XWC_001_031_SAN_GOU_2_straight.wav,XWC_P05_N02,,SAN_GOU_2,散勾二,atomic,straight,medium,0.58,uncertain_slate_performance_boundary,84.280,86.840,audition and adjust boundary if needed,,,,
BR_028,EXP_RS_XWC_001_MVP_PILOT_T033,033,039,RS_XWC_001_033,batch01,02_recordings/raw_audio/QINIST_001/XWC/RS_XWC_001_MVP_PILOT/raw/batch01.m4a,02_recordings/raw_audio/QINIST_001/XWC/RS_XWC_001_MVP_PILOT/experimental_split/segment_candidates/SEG_XWC_PILOT_T033_RS_XWC_001_033_AN_RING_10_GOU_1_straight.wav,SEG_XWC_PILOT_T033_RS_XWC_001_033_AN_RING_10_GOU_1_straight.wav,XWC_P05_N04,,AN_RING_10_GOU_1,名十勾一,atomic,straight,medium,0.58,uncertain_slate_performance_boundary,94.420,96.120,audition and adjust boundary if needed,,,,
BR_029,EXP_RS_XWC_001_MVP_PILOT_T034,034,056,RS_XWC_001_034,batch01,02_recordings/raw_audio/QINIST_001/XWC/RS_XWC_001_MVP_PILOT/raw/batch01.m4a,02_recordings/raw_audio/QINIST_001/XWC/RS_XWC_001_MVP_PILOT/experimental_split/segment_candidates/SEG_XWC_PILOT_T034_RS_XWC_001_034_AN_RING_10_GOU_1_chuo.wav,SEG_XWC_PILOT_T034_RS_XWC_001_034_AN_RING_10_GOU_1_chuo.wav,XWC_P05_N04,,AN_RING_10_GOU_1,名十勾一,atomic,chuo,medium,0.58,uncertain_slate_performance_boundary,96.120,98.780,audition and adjust boundary if needed,,,,
BR_030,EXP_RS_XWC_001_MVP_PILOT_T035,035,019,RS_XWC_001_035,batch01,02_recordings/raw_audio/QINIST_001/XWC/RS_XWC_001_MVP_PILOT/raw/batch01.m4a,02_recordings/raw_audio/QINIST_001/XWC/RS_XWC_001_MVP_PILOT/experimental_split/segment_candidates/SEG_XWC_PILOT_T035_RS_XWC_001_035_SAN_TIAO_4_straight.wav,SEG_XWC_PILOT_T035_RS_XWC_001_035_SAN_TIAO_4_straight.wav,XWC_P05_N05,,SAN_TIAO_4,散挑四,atomic,straight,medium,0.58,uncertain_slate_performance_boundary,99.000,100.700,audition and adjust boundary if needed,,,,
BR_031,EXP_RS_XWC_001_MVP_PILOT_T036,036,040,RS_XWC_001_036,batch01,02_recordings/raw_audio/QINIST_001/XWC/RS_XWC_001_MVP_PILOT/raw/batch01.m4a,02_recordings/raw_audio/QINIST_001/XWC/RS_XWC_001_MVP_PILOT/experimental_split/segment_candidates/SEG_XWC_PILOT_T036_RS_XWC_001_036_AN_THUMB_9_GOU_1_straight.wav,SEG_XWC_PILOT_T036_RS_XWC_001_036_AN_THUMB_9_GOU_1_straight.wav,XWC_P05_N06,,AN_THUMB_9_GOU_1,大九勾一,atomic,straight,medium,0.58,uncertain_slate_performance_boundary,100.700,103.300,audition and adjust boundary if needed,,,,
BR_032,EXP_RS_XWC_001_MVP_PILOT_T037,037,057,RS_XWC_001_037,batch01,02_recordings/raw_audio/QINIST_001/XWC/RS_XWC_001_MVP_PILOT/raw/batch01.m4a,02_recordings/raw_audio/QINIST_001/XWC/RS_XWC_001_MVP_PILOT/experimental_split/segment_candidates/SEG_XWC_PILOT_T037_RS_XWC_001_037_AN_THUMB_9_GOU_1_chuo.wav,SEG_XWC_PILOT_T037_RS_XWC_001_037_AN_THUMB_9_GOU_1_chuo.wav,XWC_P05_N06,,AN_THUMB_9_GOU_1,大九勾一,atomic,chuo,medium,0.58,uncertain_slate_performance_boundary,103.580,105.440,audition and adjust boundary if needed,,,,
BR_033,EXP_RS_XWC_001_MVP_PILOT_T038,038,020,RS_XWC_001_038,batch01,02_recordings/raw_audio/QINIST_001/XWC/RS_XWC_001_MVP_PILOT/raw/batch01.m4a,02_recordings/raw_audio/QINIST_001/XWC/RS_XWC_001_MVP_PILOT/experimental_split/segment_candidates/SEG_XWC_PILOT_T038_RS_XWC_001_038_SAN_TIAO_4_straight.wav,SEG_XWC_PILOT_T038_RS_XWC_001_038_SAN_TIAO_4_straight.wav,XWC_P06_N01,,SAN_TIAO_4,散挑四,atomic,straight,medium,0.58,uncertain_slate_performance_boundary,105.440,107.620,audition and adjust boundary if needed,,,,
BR_034,EXP_RS_XWC_001_MVP_PILOT_T039,039,041,RS_XWC_001_039,batch01,02_recordings/raw_audio/QINIST_001/XWC/RS_XWC_001_MVP_PILOT/raw/batch01.m4a,02_recordings/raw_audio/QINIST_001/XWC/RS_XWC_001_MVP_PILOT/experimental_split/segment_candidates/SEG_XWC_PILOT_T039_RS_XWC_001_039_AN_THUMB_9_GOU_1_straight.wav,SEG_XWC_PILOT_T039_RS_XWC_001_039_AN_THUMB_9_GOU_1_straight.wav,XWC_P06_N02,,AN_THUMB_9_GOU_1,大九勾一,atomic,straight,medium,0.58,uncertain_slate_performance_boundary,107.620,109.640,audition and adjust boundary if needed,,,,
BR_035,EXP_RS_XWC_001_MVP_PILOT_T040,040,058,RS_XWC_001_040,batch01,02_recordings/raw_audio/QINIST_001/XWC/RS_XWC_001_MVP_PILOT/raw/batch01.m4a,02_recordings/raw_audio/QINIST_001/XWC/RS_XWC_001_MVP_PILOT/experimental_split/segment_candidates/SEG_XWC_PILOT_T040_RS_XWC_001_040_AN_THUMB_9_GOU_1_chuo.wav,SEG_XWC_PILOT_T040_RS_XWC_001_040_AN_THUMB_9_GOU_1_chuo.wav,XWC_P06_N02,,AN_THUMB_9_GOU_1,大九勾一,atomic,chuo,medium,0.58,uncertain_slate_performance_boundary,109.640,111.980,audition and adjust boundary if needed,,,,
BR_036,EXP_RS_XWC_001_MVP_PILOT_T041,041,021,RS_XWC_001_041,batch01,02_recordings/raw_audio/QINIST_001/XWC/RS_XWC_001_MVP_PILOT/raw/batch01.m4a,02_recordings/raw_audio/QINIST_001/XWC/RS_XWC_001_MVP_PILOT/experimental_split/segment_candidates/SEG_XWC_PILOT_T041_RS_XWC_001_041_SAN_TIAO_5_straight.wav,SEG_XWC_PILOT_T041_RS_XWC_001_041_SAN_TIAO_5_straight.wav,XWC_P06_N03,,SAN_TIAO_5,散挑五,atomic,straight,medium,0.58,uncertain_slate_performance_boundary,111.980,113.480,audition and adjust boundary if needed,,,,
BR_037,EXP_RS_XWC_001_MVP_PILOT_T042,042,042,RS_XWC_001_042,batch01,02_recordings/raw_audio/QINIST_001/XWC/RS_XWC_001_MVP_PILOT/raw/batch01.m4a,02_recordings/raw_audio/QINIST_001/XWC/RS_XWC_001_MVP_PILOT/experimental_split/segment_candidates/SEG_XWC_PILOT_T042_RS_XWC_001_042_AN_THUMB_9_GOU_2_straight.wav,SEG_XWC_PILOT_T042_RS_XWC_001_042_AN_THUMB_9_GOU_2_straight.wav,XWC_P06_N04,,AN_THUMB_9_GOU_2,大九勾二,atomic,straight,medium,0.58,uncertain_slate_performance_boundary,113.480,115.840,audition and adjust boundary if needed,,,,
BR_038,EXP_RS_XWC_001_MVP_PILOT_T044,044,022,RS_XWC_001_044,batch01,02_recordings/raw_audio/QINIST_001/XWC/RS_XWC_001_MVP_PILOT/raw/batch01.m4a,02_recordings/raw_audio/QINIST_001/XWC/RS_XWC_001_MVP_PILOT/experimental_split/segment_candidates/SEG_XWC_PILOT_T044_RS_XWC_001_044_SAN_TIAO_6_straight.wav,SEG_XWC_PILOT_T044_RS_XWC_001_044_SAN_TIAO_6_straight.wav,XWC_P07_N01,,SAN_TIAO_6,散挑六,atomic,straight,medium,0.58,uncertain_slate_performance_boundary,117.300,119.120,audition and adjust boundary if needed,,,,
BR_039,EXP_RS_XWC_001_MVP_PILOT_T045,045,043,RS_XWC_001_045,batch01,02_recordings/raw_audio/QINIST_001/XWC/RS_XWC_001_MVP_PILOT/raw/batch01.m4a,02_recordings/raw_audio/QINIST_001/XWC/RS_XWC_001_MVP_PILOT/experimental_split/segment_candidates/SEG_XWC_PILOT_T045_RS_XWC_001_045_AN_THUMB_9_GOU_3_straight.wav,SEG_XWC_PILOT_T045_RS_XWC_001_045_AN_THUMB_9_GOU_3_straight.wav,XWC_P07_N02,,AN_THUMB_9_GOU_3,大九勾三,atomic,straight,medium,0.58,uncertain_slate_performance_boundary,119.120,121.000,audition and adjust boundary if needed,,,,
BR_040,EXP_RS_XWC_001_MVP_PILOT_T046,046,060,RS_XWC_001_046,batch01,02_recordings/raw_audio/QINIST_001/XWC/RS_XWC_001_MVP_PILOT/raw/batch01.m4a,02_recordings/raw_audio/QINIST_001/XWC/RS_XWC_001_MVP_PILOT/experimental_split/segment_candidates/SEG_XWC_PILOT_T046_RS_XWC_001_046_AN_THUMB_9_GOU_3_chuo.wav,SEG_XWC_PILOT_T046_RS_XWC_001_046_AN_THUMB_9_GOU_3_chuo.wav,XWC_P07_N02,,AN_THUMB_9_GOU_3,大九勾三,atomic,chuo,medium,0.58,uncertain_slate_performance_boundary,121.000,123.740,audition and adjust boundary if needed,,,,
BR_041,EXP_RS_XWC_001_MVP_PILOT_T047,047,023,RS_XWC_001_047,batch02,02_recordings/raw_audio/QINIST_001/XWC/RS_XWC_001_MVP_PILOT/raw/batch02.m4a,02_recordings/raw_audio/QINIST_001/XWC/RS_XWC_001_MVP_PILOT/experimental_split/segment_candidates/SEG_XWC_PILOT_T047_RS_XWC_001_047_SAN_TIAO_7_straight.wav,SEG_XWC_PILOT_T047_RS_XWC_001_047_SAN_TIAO_7_straight.wav,XWC_P07_N03,,SAN_TIAO_7,散挑七,atomic,straight,medium,0.58,uncertain_slate_performance_boundary,2.920,5.920,audition and adjust boundary if needed,,,,
BR_042,EXP_RS_XWC_001_MVP_PILOT_T048,048,044,RS_XWC_001_048,batch02,02_recordings/raw_audio/QINIST_001/XWC/RS_XWC_001_MVP_PILOT/raw/batch02.m4a,02_recordings/raw_audio/QINIST_001/XWC/RS_XWC_001_MVP_PILOT/experimental_split/segment_candidates/SEG_XWC_PILOT_T048_RS_XWC_001_048_AN_THUMB_9_GOU_4_straight.wav,SEG_XWC_PILOT_T048_RS_XWC_001_048_AN_THUMB_9_GOU_4_straight.wav,XWC_P07_N04,,AN_THUMB_9_GOU_4,大九勾四,atomic,straight,medium,0.58,uncertain_slate_performance_boundary,9.340,12.460,audition and adjust boundary if needed,,,,
BR_043,EXP_RS_XWC_001_MVP_PILOT_T049,049,061,RS_XWC_001_049,batch02,02_recordings/raw_audio/QINIST_001/XWC/RS_XWC_001_MVP_PILOT/raw/batch02.m4a,02_recordings/raw_audio/QINIST_001/XWC/RS_XWC_001_MVP_PILOT/experimental_split/segment_candidates/SEG_XWC_PILOT_T049_RS_XWC_001_049_AN_THUMB_9_GOU_4_chuo.wav,SEG_XWC_PILOT_T049_RS_XWC_001_049_AN_THUMB_9_GOU_4_chuo.wav,XWC_P07_N04,,AN_THUMB_9_GOU_4,大九勾四,atomic,chuo,medium,0.58,uncertain_slate_performance_boundary,15.960,19.060,audition and adjust boundary if needed,,,,
BR_044,EXP_RS_XWC_001_MVP_PILOT_T050,050,045,RS_XWC_001_050,batch02,02_recordings/raw_audio/QINIST_001/XWC/RS_XWC_001_MVP_PILOT/raw/batch02.m4a,02_recordings/raw_audio/QINIST_001/XWC/RS_XWC_001_MVP_PILOT/experimental_split/segment_candidates/SEG_XWC_PILOT_T050_RS_XWC_001_050_AN_THUMB_9_GOU_5_straight.wav,SEG_XWC_PILOT_T050_RS_XWC_001_050_AN_THUMB_9_GOU_5_straight.wav,XWC_P08_N01,,AN_THUMB_9_GOU_5,大九勾五,atomic,straight,medium,0.58,uncertain_slate_performance_boundary,19.220,22.440,audition and adjust boundary if needed,,,,
BR_045,EXP_RS_XWC_001_MVP_PILOT_T051,051,062,RS_XWC_001_051,batch02,02_recordings/raw_audio/QINIST_001/XWC/RS_XWC_001_MVP_PILOT/raw/batch02.m4a,02_recordings/raw_audio/QINIST_001/XWC/RS_XWC_001_MVP_PILOT/experimental_split/segment_candidates/SEG_XWC_PILOT_T051_RS_XWC_001_051_AN_THUMB_9_GOU_5_chuo.wav,SEG_XWC_PILOT_T051_RS_XWC_001_051_AN_THUMB_9_GOU_5_chuo.wav,XWC_P08_N01,,AN_THUMB_9_GOU_5,大九勾五,atomic,chuo,medium,0.58,uncertain_slate_performance_boundary,24.500,27.000,audition and adjust boundary if needed,,,,
BR_046,EXP_RS_XWC_001_MVP_PILOT_T052,052,046,RS_XWC_001_052,batch02,02_recordings/raw_audio/QINIST_001/XWC/RS_XWC_001_MVP_PILOT/raw/batch02.m4a,02_recordings/raw_audio/QINIST_001/XWC/RS_XWC_001_MVP_PILOT/experimental_split/segment_candidates/SEG_XWC_PILOT_T052_RS_XWC_001_052_AN_THUMB_9_GOU_6_SHANG_79_straight.wav,SEG_XWC_PILOT_T052_RS_XWC_001_052_AN_THUMB_9_GOU_6_SHANG_79_straight.wav,XWC_P08_N02,,AN_THUMB_9_GOU_6_SHANG_79,大九勾六上七九,atomic,straight,medium,0.58,uncertain_slate_performance_boundary,27.000,30.500,audition and adjust boundary if needed,,,,
BR_047,EXP_RS_XWC_001_MVP_PILOT_T053,053,063,RS_XWC_001_053,batch02,02_recordings/raw_audio/QINIST_001/XWC/RS_XWC_001_MVP_PILOT/raw/batch02.m4a,02_recordings/raw_audio/QINIST_001/XWC/RS_XWC_001_MVP_PILOT/experimental_split/segment_candidates/SEG_XWC_PILOT_T053_RS_XWC_001_053_AN_THUMB_9_GOU_6_SHANG_79_chuo.wav,SEG_XWC_PILOT_T053_RS_XWC_001_053_AN_THUMB_9_GOU_6_SHANG_79_chuo.wav,XWC_P08_N02,,AN_THUMB_9_GOU_6_SHANG_79,大九勾六上七九,atomic,chuo,medium,0.58,uncertain_slate_performance_boundary,31.640,33.860,audition and adjust boundary if needed,,,,
BR_048,EXP_RS_XWC_001_MVP_PILOT_T054,054,024,RS_XWC_001_054,batch02,02_recordings/raw_audio/QINIST_001/XWC/RS_XWC_001_MVP_PILOT/raw/batch02.m4a,02_recordings/raw_audio/QINIST_001/XWC/RS_XWC_001_MVP_PILOT/experimental_split/segment_candidates/SEG_XWC_PILOT_T054_RS_XWC_001_054_SAN_TIAO_7_straight.wav,SEG_XWC_PILOT_T054_RS_XWC_001_054_SAN_TIAO_7_straight.wav,XWC_P08_N03,,SAN_TIAO_7,散挑七,atomic,straight,medium,0.58,uncertain_slate_performance_boundary,33.860,37.400,audition and adjust boundary if needed,,,,
BR_049,EXP_RS_XWC_001_MVP_PILOT_T055,055,047,RS_XWC_001_055,batch02,02_recordings/raw_audio/QINIST_001/XWC/RS_XWC_001_MVP_PILOT/raw/batch02.m4a,02_recordings/raw_audio/QINIST_001/XWC/RS_XWC_001_MVP_PILOT/experimental_split/segment_candidates/SEG_XWC_PILOT_T055_RS_XWC_001_055_AN_THUMB_9_GOU_4_straight.wav,SEG_XWC_PILOT_T055_RS_XWC_001_055_AN_THUMB_9_GOU_4_straight.wav,XWC_P08_N04,,AN_THUMB_9_GOU_4,大九勾四,atomic,straight,medium,0.58,uncertain_slate_performance_boundary,38.340,40.420,audition and adjust boundary if needed,,,,
BR_050,EXP_RS_XWC_001_MVP_PILOT_T056,056,064,RS_XWC_001_056,batch02,02_recordings/raw_audio/QINIST_001/XWC/RS_XWC_001_MVP_PILOT/raw/batch02.m4a,02_recordings/raw_audio/QINIST_001/XWC/RS_XWC_001_MVP_PILOT/experimental_split/segment_candidates/SEG_XWC_PILOT_T056_RS_XWC_001_056_AN_THUMB_9_GOU_4_chuo.wav,SEG_XWC_PILOT_T056_RS_XWC_001_056_AN_THUMB_9_GOU_4_chuo.wav,XWC_P08_N04,,AN_THUMB_9_GOU_4,大九勾四,atomic,chuo,medium,0.58,uncertain_slate_performance_boundary,40.420,43.480,audition and adjust boundary if needed,,,,
BR_051,EXP_RS_XWC_001_MVP_PILOT_T057,057,048,RS_XWC_001_057,batch02,02_recordings/raw_audio/QINIST_001/XWC/RS_XWC_001_MVP_PILOT/raw/batch02.m4a,02_recordings/raw_audio/QINIST_001/XWC/RS_XWC_001_MVP_PILOT/experimental_split/segment_candidates/SEG_XWC_PILOT_T057_RS_XWC_001_057_AN_THUMB_9_GOU_4_ZHUANG_straight.wav,SEG_XWC_PILOT_T057_RS_XWC_001_057_AN_THUMB_9_GOU_4_ZHUANG_straight.wav,XWC_P09_N01,,AN_THUMB_9_GOU_4_ZHUANG,大九勾四撞,atomic,straight,forced_review,0.55,zhuang_special_item,47.460,51.020,audition and adjust boundary if needed,,,,
BR_052,EXP_RS_XWC_001_MVP_PILOT_T058,058,067,RS_XWC_001_058,batch03,02_recordings/raw_audio/QINIST_001/XWC/RS_XWC_001_MVP_PILOT/raw/batch03.m4a,02_recordings/raw_audio/QINIST_001/XWC/RS_XWC_001_MVP_PILOT/experimental_split/segment_candidates/SEG_XWC_PILOT_T058_RS_XWC_001_058_AN_THUMB_9_GOU_4_ZHUANG_zhu.wav,SEG_XWC_PILOT_T058_RS_XWC_001_058_AN_THUMB_9_GOU_4_ZHUANG_zhu.wav,XWC_P09_N01,,AN_THUMB_9_GOU_4_ZHUANG,大九勾四撞,atomic,zhu,forced_review,0.55,zhu_special_item;zhuang_special_item;uncertain_slate_performance_boundary,1.720,4.700,audition and adjust boundary if needed,,,,
BR_053,EXP_RS_XWC_001_MVP_PILOT_T059,059,068,RS_XWC_001_059,batch03,02_recordings/raw_audio/QINIST_001/XWC/RS_XWC_001_MVP_PILOT/raw/batch03.m4a,02_recordings/raw_audio/QINIST_001/XWC/RS_XWC_001_MVP_PILOT/experimental_split/segment_candidates/SEG_XWC_PILOT_T059_RS_XWC_001_059_AN_RING_10_QIAQI_atomic.wav,SEG_XWC_PILOT_T059_RS_XWC_001_059_AN_RING_10_QIAQI_atomic.wav,XWC_P09_N02,,AN_RING_10_QIAQI,名十掐起,atomic,atomic,forced_review,0.55,qiaqi_special_item;uncertain_slate_performance_boundary,7.560,10.600,audition and adjust boundary if needed,,,,
BR_054,EXP_RS_XWC_001_MVP_PILOT_T060,060,069,RS_XWC_001_060,batch03,02_recordings/raw_audio/QINIST_001/XWC/RS_XWC_001_MVP_PILOT/raw/batch03.m4a,02_recordings/raw_audio/QINIST_001/XWC/RS_XWC_001_MVP_PILOT/experimental_split/segment_candidates/SEG_XWC_PILOT_T060_RS_XWC_001_060_AN_RING_10_QIAQI_context.wav,SEG_XWC_PILOT_T060_RS_XWC_001_060_AN_RING_10_QIAQI_context.wav,XWC_P09_N02,,AN_RING_10_QIAQI,名十掐起,context,context,forced_review,0.55,context_take;qiaqi_special_item;missing_event_range_context_take;uncertain_slate_performance_boundary,15.560,18.560,"human confirm context event_range; possible candidate is XWC_P09_N01_to_N02, do not auto-write it",,,,
BR_055,EXP_RS_XWC_001_MVP_PILOT_T061,061,025,RS_XWC_001_061,batch03,02_recordings/raw_audio/QINIST_001/XWC/RS_XWC_001_MVP_PILOT/raw/batch03.m4a,02_recordings/raw_audio/QINIST_001/XWC/RS_XWC_001_MVP_PILOT/experimental_split/segment_candidates/SEG_XWC_PILOT_T061_RS_XWC_001_061_SAN_TIAO_6_straight.wav,SEG_XWC_PILOT_T061_RS_XWC_001_061_SAN_TIAO_6_straight.wav,XWC_P09_N03,,SAN_TIAO_6,散挑六,atomic,straight,medium,0.58,uncertain_slate_performance_boundary,18.600,21.320,audition and adjust boundary if needed,,,,
BR_056,EXP_RS_XWC_001_MVP_PILOT_T062,062,049,RS_XWC_001_062,batch03,02_recordings/raw_audio/QINIST_001/XWC/RS_XWC_001_MVP_PILOT/raw/batch03.m4a,02_recordings/raw_audio/QINIST_001/XWC/RS_XWC_001_MVP_PILOT/experimental_split/segment_candidates/SEG_XWC_PILOT_T062_RS_XWC_001_062_AN_RING_10_GOU_4_straight.wav,SEG_XWC_PILOT_T062_RS_XWC_001_062_AN_RING_10_GOU_4_straight.wav,XWC_P09_N04,,AN_RING_10_GOU_4,名十勾四,atomic,straight,medium,0.58,uncertain_slate_performance_boundary,24.880,27.740,audition and adjust boundary if needed,,,,
BR_057,EXP_RS_XWC_001_MVP_PILOT_T063,063,065,RS_XWC_001_063,batch03,02_recordings/raw_audio/QINIST_001/XWC/RS_XWC_001_MVP_PILOT/raw/batch03.m4a,02_recordings/raw_audio/QINIST_001/XWC/RS_XWC_001_MVP_PILOT/experimental_split/segment_candidates/SEG_XWC_PILOT_T063_RS_XWC_001_063_AN_RING_10_GOU_4_chuo.wav,SEG_XWC_PILOT_T063_RS_XWC_001_063_AN_RING_10_GOU_4_chuo.wav,XWC_P09_N04,,AN_RING_10_GOU_4,名十勾四,atomic,chuo,medium,0.58,uncertain_slate_performance_boundary,27.740,30.680,audition and adjust boundary if needed,,,,
BR_058,EXP_RS_XWC_001_MVP_PILOT_T064,064,026,RS_XWC_001_064,batch03,02_recordings/raw_audio/QINIST_001/XWC/RS_XWC_001_MVP_PILOT/raw/batch03.m4a,02_recordings/raw_audio/QINIST_001/XWC/RS_XWC_001_MVP_PILOT/experimental_split/segment_candidates/SEG_XWC_PILOT_T064_RS_XWC_001_064_FAN_SHI_7_GOU_4_straight.wav,SEG_XWC_PILOT_T064_RS_XWC_001_064_FAN_SHI_7_GOU_4_straight.wav,XWC_P10_N01,,FAN_SHI_7_GOU_4,泛食七勾四,atomic,straight,medium,0.58,uncertain_slate_performance_boundary,34.620,36.740,audition and adjust boundary if needed,,,,
BR_059,EXP_RS_XWC_001_MVP_PILOT_T065,065,027,RS_XWC_001_065,batch03,02_recordings/raw_audio/QINIST_001/XWC/RS_XWC_001_MVP_PILOT/raw/batch03.m4a,02_recordings/raw_audio/QINIST_001/XWC/RS_XWC_001_MVP_PILOT/experimental_split/segment_candidates/SEG_XWC_PILOT_T065_RS_XWC_001_065_FAN_SHI_7_TIAO_7_straight.wav,SEG_XWC_PILOT_T065_RS_XWC_001_065_FAN_SHI_7_TIAO_7_straight.wav,XWC_P10_N02,,FAN_SHI_7_TIAO_7,泛食七挑七,atomic,straight,medium,0.58,uncertain_slate_performance_boundary,36.740,39.480,audition and adjust boundary if needed,,,,
BR_060,EXP_RS_XWC_001_MVP_PILOT_T067,067,029,RS_XWC_001_067,batch03,02_recordings/raw_audio/QINIST_001/XWC/RS_XWC_001_MVP_PILOT/raw/batch03.m4a,02_recordings/raw_audio/QINIST_001/XWC/RS_XWC_001_MVP_PILOT/experimental_split/segment_candidates/SEG_XWC_PILOT_T067_RS_XWC_001_067_FAN_SHI_7_TIAO_4_straight.wav,SEG_XWC_PILOT_T067_RS_XWC_001_067_FAN_SHI_7_TIAO_4_straight.wav,XWC_P10_N04,,FAN_SHI_7_TIAO_4,泛食七挑四,atomic,straight,medium,0.58,uncertain_slate_performance_boundary,51.540,53.660,audition and adjust boundary if needed,,,,
BR_061,EXP_RS_XWC_001_MVP_PILOT_T068,068,030,RS_XWC_001_068,batch03,02_recordings/raw_audio/QINIST_001/XWC/RS_XWC_001_MVP_PILOT/raw/batch03.m4a,02_recordings/raw_audio/QINIST_001/XWC/RS_XWC_001_MVP_PILOT/experimental_split/segment_candidates/SEG_XWC_PILOT_T068_RS_XWC_001_068_FAN_ZHONG_7_GOU_1_straight.wav,SEG_XWC_PILOT_T068_RS_XWC_001_068_FAN_ZHONG_7_GOU_1_straight.wav,XWC_P10_N05,,FAN_ZHONG_7_GOU_1,泛中七勾一,atomic,straight,medium,0.58,uncertain_slate_performance_boundary,53.660,56.380,audition and adjust boundary if needed,,,,
BR_062,EXP_RS_XWC_001_MVP_PILOT_T069,069,031,RS_XWC_001_069,batch03,02_recordings/raw_audio/QINIST_001/XWC/RS_XWC_001_MVP_PILOT/raw/batch03.m4a,02_recordings/raw_audio/QINIST_001/XWC/RS_XWC_001_MVP_PILOT/experimental_split/segment_candidates/SEG_XWC_PILOT_T069_RS_XWC_001_069_FAN_DA_7_BO_6_straight.wav,SEG_XWC_PILOT_T069_RS_XWC_001_069_FAN_DA_7_BO_6_straight.wav,XWC_P10_N06,,FAN_DA_7_BO_6,泛大七擘六,atomic,straight,medium,0.58,uncertain_slate_performance_boundary,58.360,60.420,audition and adjust boundary if needed,,,,
BR_063,EXP_RS_XWC_001_MVP_PILOT_T070,070,071,RS_XWC_001_070,batch03,02_recordings/raw_audio/QINIST_001/XWC/RS_XWC_001_MVP_PILOT/raw/batch03.m4a,02_recordings/raw_audio/QINIST_001/XWC/RS_XWC_001_MVP_PILOT/experimental_split/segment_candidates/SEG_XWC_PILOT_T070_RS_XWC_001_070_FAN_DA7_ZHONG7_CUO_6_1_straight.wav,SEG_XWC_PILOT_T070_RS_XWC_001_070_FAN_DA7_ZHONG7_CUO_6_1_straight.wav,XWC_P10_N07,,FAN_DA7_ZHONG7_CUO_6_1,泛大七中七撮六一,atomic,straight,medium,0.58,uncertain_slate_performance_boundary,60.420,63.260,audition and adjust boundary if needed,,,,
BR_064,EXP_RS_XWC_001_MVP_PILOT_T071,071,070,RS_XWC_001_071,batch03,02_recordings/raw_audio/QINIST_001/XWC/RS_XWC_001_MVP_PILOT/raw/batch03.m4a,02_recordings/raw_audio/QINIST_001/XWC/RS_XWC_001_MVP_PILOT/experimental_split/segment_candidates/SEG_XWC_PILOT_T071_RS_XWC_001_071_AN_RING_10_QIAQI_context.wav,SEG_XWC_PILOT_T071_RS_XWC_001_071_AN_RING_10_QIAQI_context.wav,XWC_P09_N02,XWC_P09_N01_to_N02,AN_RING_10_QIAQI,名十掐起,context,context,forced_review,0.55,context_take;qiaqi_special_item;uncertain_slate_performance_boundary,66.360,68.760,human review context boundaries before sample candidate selection,,,,
