experimental_segment_id,recording_session_id,recording_id,recording_take_no,batch_take_no,batch_id,source_file_id,source_raw_file,source_sha256,derived_working_file,script_id,event_id,event_range,gesture_id,normalized_name,expected_sample_type,realization_variant,realization_pre_action,start_time_s,end_time_s,attack_marker_ms,release_tail_ms,segment_file_path,segment_filename,slate_detection_method,split_confidence,confidence_level,needs_manual_review,review_reason,qc_status,quality_status,selected_for_mvp_render,experimental_only,production_grade,not_standard_sample_library,notes
EXP_RS_XWC_001_MVP_PILOT_T001,RS_XWC_001_MVP_PILOT,RS_XWC_001,001,001,batch01,RS_XWC_001_MVP_PILOT_batch01,02_recordings/raw_audio/QINIST_001/XWC/RS_XWC_001_MVP_PILOT/raw/batch01.m4a,67d9a303a7087efdb8d48232fb8099561797466e5748161ccb55af96c1815dad,02_recordings/raw_audio/QINIST_001/XWC/RS_XWC_001_MVP_PILOT/experimental_split/working_wav/batch01_working.wav,RS_XWC_001_001,XWC_P01_N01,,SAN_TIAO_7,散挑七,atomic,straight,none,0.940,3.520,0,2000,02_recordings/raw_audio/QINIST_001/XWC/RS_XWC_001_MVP_PILOT/experimental_split/segment_candidates/SEG_XWC_PILOT_T001_RS_XWC_001_001_SAN_TIAO_7_straight.wav,SEG_XWC_PILOT_T001_RS_XWC_001_001_SAN_TIAO_7_straight.wav,energy_sequential_alignment,0.58,medium,true,uncertain_slate_performance_boundary,auto_split_candidate,pending,false,true,false,true,baseline straight
EXP_RS_XWC_001_MVP_PILOT_T002,RS_XWC_001_MVP_PILOT,RS_XWC_001,002,002,batch01,RS_XWC_001_MVP_PILOT_batch01,02_recordings/raw_audio/QINIST_001/XWC/RS_XWC_001_MVP_PILOT/raw/batch01.m4a,67d9a303a7087efdb8d48232fb8099561797466e5748161ccb55af96c1815dad,02_recordings/raw_audio/QINIST_001/XWC/RS_XWC_001_MVP_PILOT/experimental_split/working_wav/batch01_working.wav,RS_XWC_001_002,XWC_P01_N02,,SAN_GOU_5,散勾五,atomic,straight,none,3.860,6.900,0,2000,02_recordings/raw_audio/QINIST_001/XWC/RS_XWC_001_MVP_PILOT/experimental_split/segment_candidates/SEG_XWC_PILOT_T002_RS_XWC_001_002_SAN_GOU_5_straight.wav,SEG_XWC_PILOT_T002_RS_XWC_001_002_SAN_GOU_5_straight.wav,energy_sequential_alignment,0.58,medium,true,uncertain_slate_performance_boundary,auto_split_candidate,pending,false,true,false,true,baseline straight
EXP_RS_XWC_001_MVP_PILOT_T003,RS_XWC_001_MVP_PILOT,RS_XWC_001,003,003,batch01,RS_XWC_001_MVP_PILOT_batch01,02_recordings/raw_audio/QINIST_001/XWC/RS_XWC_001_MVP_PILOT/raw/batch01.m4a,67d9a303a7087efdb8d48232fb8099561797466e5748161ccb55af96c1815dad,02_recordings/raw_audio/QINIST_001/XWC/RS_XWC_001_MVP_PILOT/experimental_split/working_wav/batch01_working.wav,RS_XWC_001_003,XWC_P01_N03,,SAN_TIAO_7,散挑七,atomic,straight,none,9.180,10.960,0,1440,02_recordings/raw_audio/QINIST_001/XWC/RS_XWC_001_MVP_PILOT/experimental_split/segment_candidates/SEG_XWC_PILOT_T003_RS_XWC_001_003_SAN_TIAO_7_straight.wav,SEG_XWC_PILOT_T003_RS_XWC_001_003_SAN_TIAO_7_straight.wav,energy_sequential_alignment,0.86,high,false,,auto_split_candidate,pending,false,true,false,true,baseline straight
EXP_RS_XWC_001_MVP_PILOT_T004,RS_XWC_001_MVP_PILOT,RS_XWC_001,004,032,batch01,RS_XWC_001_MVP_PILOT_batch01,02_recordings/raw_audio/QINIST_001/XWC/RS_XWC_001_MVP_PILOT/raw/batch01.m4a,67d9a303a7087efdb8d48232fb8099561797466e5748161ccb55af96c1815dad,02_recordings/raw_audio/QINIST_001/XWC/RS_XWC_001_MVP_PILOT/experimental_split/working_wav/batch01_working.wav,RS_XWC_001_004,XWC_P01_N04,,AN_RING_10_GOU_5,名十勾五,atomic,straight,none,10.960,13.700,0,2000,02_recordings/raw_audio/QINIST_001/XWC/RS_XWC_001_MVP_PILOT/experimental_split/segment_candidates/SEG_XWC_PILOT_T004_RS_XWC_001_004_AN_RING_10_GOU_5_straight.wav,SEG_XWC_PILOT_T004_RS_XWC_001_004_AN_RING_10_GOU_5_straight.wav,energy_sequential_alignment,0.58,medium,true,uncertain_slate_performance_boundary,auto_split_candidate,pending,false,true,false,true,baseline straight
EXP_RS_XWC_001_MVP_PILOT_T005,RS_XWC_001_MVP_PILOT,RS_XWC_001,005,050,batch01,RS_XWC_001_MVP_PILOT_batch01,02_recordings/raw_audio/QINIST_001/XWC/RS_XWC_001_MVP_PILOT/raw/batch01.m4a,67d9a303a7087efdb8d48232fb8099561797466e5748161ccb55af96c1815dad,02_recordings/raw_audio/QINIST_001/XWC/RS_XWC_001_MVP_PILOT/experimental_split/working_wav/batch01_working.wav,RS_XWC_001_005,XWC_P01_N04,,AN_RING_10_GOU_5,名十勾五,atomic,chuo,chuo,15.040,17.700,0,1800,02_recordings/raw_audio/QINIST_001/XWC/RS_XWC_001_MVP_PILOT/experimental_split/segment_candidates/SEG_XWC_PILOT_T005_RS_XWC_001_005_AN_RING_10_GOU_5_chuo.wav,SEG_XWC_PILOT_T005_RS_XWC_001_005_AN_RING_10_GOU_5_chuo.wav,energy_sequential_alignment,0.58,medium,true,uncertain_slate_performance_boundary,auto_split_candidate,pending,false,true,false,true,普通按音默认绰 realization
EXP_RS_XWC_001_MVP_PILOT_T006,RS_XWC_001_MVP_PILOT,RS_XWC_001,006,004,batch01,RS_XWC_001_MVP_PILOT_batch01,02_recordings/raw_audio/QINIST_001/XWC/RS_XWC_001_MVP_PILOT/raw/batch01.m4a,67d9a303a7087efdb8d48232fb8099561797466e5748161ccb55af96c1815dad,02_recordings/raw_audio/QINIST_001/XWC/RS_XWC_001_MVP_PILOT/experimental_split/working_wav/batch01_working.wav,RS_XWC_001_006,XWC_P02_N01,,SAN_TIAO_7,散挑七,atomic,straight,none,17.700,20.600,0,2000,02_recordings/raw_audio/QINIST_001/XWC/RS_XWC_001_MVP_PILOT/experimental_split/segment_candidates/SEG_XWC_PILOT_T006_RS_XWC_001_006_SAN_TIAO_7_straight.wav,SEG_XWC_PILOT_T006_RS_XWC_001_006_SAN_TIAO_7_straight.wav,energy_sequential_alignment,0.58,medium,true,uncertain_slate_performance_boundary,auto_split_candidate,pending,false,true,false,true,baseline straight
EXP_RS_XWC_001_MVP_PILOT_T007,RS_XWC_001_MVP_PILOT,RS_XWC_001,007,005,batch01,RS_XWC_001_MVP_PILOT_batch01,02_recordings/raw_audio/QINIST_001/XWC/RS_XWC_001_MVP_PILOT/raw/batch01.m4a,67d9a303a7087efdb8d48232fb8099561797466e5748161ccb55af96c1815dad,02_recordings/raw_audio/QINIST_001/XWC/RS_XWC_001_MVP_PILOT/experimental_split/working_wav/batch01_working.wav,RS_XWC_001_007,XWC_P02_N02,,SAN_GOU_5,散勾五,atomic,straight,none,21.360,23.960,0,1460,02_recordings/raw_audio/QINIST_001/XWC/RS_XWC_001_MVP_PILOT/experimental_split/segment_candidates/SEG_XWC_PILOT_T007_RS_XWC_001_007_SAN_GOU_5_straight.wav,SEG_XWC_PILOT_T007_RS_XWC_001_007_SAN_GOU_5_straight.wav,energy_sequential_alignment,0.58,medium,true,uncertain_slate_performance_boundary,auto_split_candidate,pending,false,true,false,true,baseline straight
EXP_RS_XWC_001_MVP_PILOT_T008,RS_XWC_001_MVP_PILOT,RS_XWC_001,008,006,batch01,RS_XWC_001_MVP_PILOT_batch01,02_recordings/raw_audio/QINIST_001/XWC/RS_XWC_001_MVP_PILOT/raw/batch01.m4a,67d9a303a7087efdb8d48232fb8099561797466e5748161ccb55af96c1815dad,02_recordings/raw_audio/QINIST_001/XWC/RS_XWC_001_MVP_PILOT/experimental_split/working_wav/batch01_working.wav,RS_XWC_001_008,XWC_P02_N03,,SAN_TIAO_6,散挑六,atomic,straight,none,23.960,26.460,0,1680,02_recordings/raw_audio/QINIST_001/XWC/RS_XWC_001_MVP_PILOT/experimental_split/segment_candidates/SEG_XWC_PILOT_T008_RS_XWC_001_008_SAN_TIAO_6_straight.wav,SEG_XWC_PILOT_T008_RS_XWC_001_008_SAN_TIAO_6_straight.wav,energy_sequential_alignment,0.58,medium,true,uncertain_slate_performance_boundary,auto_split_candidate,pending,false,true,false,true,baseline straight
EXP_RS_XWC_001_MVP_PILOT_T009,RS_XWC_001_MVP_PILOT,RS_XWC_001,009,033,batch01,RS_XWC_001_MVP_PILOT_batch01,02_recordings/raw_audio/QINIST_001/XWC/RS_XWC_001_MVP_PILOT/raw/batch01.m4a,67d9a303a7087efdb8d48232fb8099561797466e5748161ccb55af96c1815dad,02_recordings/raw_audio/QINIST_001/XWC/RS_XWC_001_MVP_PILOT/experimental_split/working_wav/batch01_working.wav,RS_XWC_001_009,XWC_P02_N04,,AN_RING_10_GOU_4,名十勾四,atomic,straight,none,26.460,29.000,0,1820,02_recordings/raw_audio/QINIST_001/XWC/RS_XWC_001_MVP_PILOT/experimental_split/segment_candidates/SEG_XWC_PILOT_T009_RS_XWC_001_009_AN_RING_10_GOU_4_straight.wav,SEG_XWC_PILOT_T009_RS_XWC_001_009_AN_RING_10_GOU_4_straight.wav,energy_sequential_alignment,0.58,medium,true,uncertain_slate_performance_boundary,auto_split_candidate,pending,false,true,false,true,baseline straight
EXP_RS_XWC_001_MVP_PILOT_T010,RS_XWC_001_MVP_PILOT,RS_XWC_001,010,051,batch01,RS_XWC_001_MVP_PILOT_batch01,02_recordings/raw_audio/QINIST_001/XWC/RS_XWC_001_MVP_PILOT/raw/batch01.m4a,67d9a303a7087efdb8d48232fb8099561797466e5748161ccb55af96c1815dad,02_recordings/raw_audio/QINIST_001/XWC/RS_XWC_001_MVP_PILOT/experimental_split/working_wav/batch01_working.wav,RS_XWC_001_010,XWC_P02_N04,,AN_RING_10_GOU_4,名十勾四,atomic,chuo,chuo,29.000,31.780,0,2000,02_recordings/raw_audio/QINIST_001/XWC/RS_XWC_001_MVP_PILOT/experimental_split/segment_candidates/SEG_XWC_PILOT_T010_RS_XWC_001_010_AN_RING_10_GOU_4_chuo.wav,SEG_XWC_PILOT_T010_RS_XWC_001_010_AN_RING_10_GOU_4_chuo.wav,energy_sequential_alignment,0.58,medium,true,uncertain_slate_performance_boundary,auto_split_candidate,pending,false,true,false,true,普通按音默认绰 realization
EXP_RS_XWC_001_MVP_PILOT_T011,RS_XWC_001_MVP_PILOT,RS_XWC_001,011,007,batch01,RS_XWC_001_MVP_PILOT_batch01,02_recordings/raw_audio/QINIST_001/XWC/RS_XWC_001_MVP_PILOT/raw/batch01.m4a,67d9a303a7087efdb8d48232fb8099561797466e5748161ccb55af96c1815dad,02_recordings/raw_audio/QINIST_001/XWC/RS_XWC_001_MVP_PILOT/experimental_split/working_wav/batch01_working.wav,RS_XWC_001_011,XWC_P02_N05,,SAN_TIAO_7,散挑七,atomic,straight,none,32.160,34.500,0,1440,02_recordings/raw_audio/QINIST_001/XWC/RS_XWC_001_MVP_PILOT/experimental_split/segment_candidates/SEG_XWC_PILOT_T011_RS_XWC_001_011_SAN_TIAO_7_straight.wav,SEG_XWC_PILOT_T011_RS_XWC_001_011_SAN_TIAO_7_straight.wav,energy_sequential_alignment,0.58,medium,true,uncertain_slate_performance_boundary,auto_split_candidate,pending,false,true,false,true,baseline straight
EXP_RS_XWC_001_MVP_PILOT_T012,RS_XWC_001_MVP_PILOT,RS_XWC_001,012,034,batch01,RS_XWC_001_MVP_PILOT_batch01,02_recordings/raw_audio/QINIST_001/XWC/RS_XWC_001_MVP_PILOT/raw/batch01.m4a,67d9a303a7087efdb8d48232fb8099561797466e5748161ccb55af96c1815dad,02_recordings/raw_audio/QINIST_001/XWC/RS_XWC_001_MVP_PILOT/experimental_split/working_wav/batch01_working.wav,RS_XWC_001_012,XWC_P02_N06,,AN_THUMB_9_GOU_4,大九勾四,atomic,straight,none,34.500,37.080,0,1700,02_recordings/raw_audio/QINIST_001/XWC/RS_XWC_001_MVP_PILOT/experimental_split/segment_candidates/SEG_XWC_PILOT_T012_RS_XWC_001_012_AN_THUMB_9_GOU_4_straight.wav,SEG_XWC_PILOT_T012_RS_XWC_001_012_AN_THUMB_9_GOU_4_straight.wav,energy_sequential_alignment,0.58,medium,true,uncertain_slate_performance_boundary,auto_split_candidate,pending,false,true,false,true,baseline straight
EXP_RS_XWC_001_MVP_PILOT_T013,RS_XWC_001_MVP_PILOT,RS_XWC_001,013,052,batch01,RS_XWC_001_MVP_PILOT_batch01,02_recordings/raw_audio/QINIST_001/XWC/RS_XWC_001_MVP_PILOT/raw/batch01.m4a,67d9a303a7087efdb8d48232fb8099561797466e5748161ccb55af96c1815dad,02_recordings/raw_audio/QINIST_001/XWC/RS_XWC_001_MVP_PILOT/experimental_split/working_wav/batch01_working.wav,RS_XWC_001_013,XWC_P02_N06,,AN_THUMB_9_GOU_4,大九勾四,atomic,chuo,chuo,37.080,39.620,0,2000,02_recordings/raw_audio/QINIST_001/XWC/RS_XWC_001_MVP_PILOT/experimental_split/segment_candidates/SEG_XWC_PILOT_T013_RS_XWC_001_013_AN_THUMB_9_GOU_4_chuo.wav,SEG_XWC_PILOT_T013_RS_XWC_001_013_AN_THUMB_9_GOU_4_chuo.wav,energy_sequential_alignment,0.58,medium,true,uncertain_slate_performance_boundary,auto_split_candidate,pending,false,true,false,true,普通按音默认绰 realization
EXP_RS_XWC_001_MVP_PILOT_T014,RS_XWC_001_MVP_PILOT,RS_XWC_001,014,008,batch01,RS_XWC_001_MVP_PILOT_batch01,02_recordings/raw_audio/QINIST_001/XWC/RS_XWC_001_MVP_PILOT/raw/batch01.m4a,67d9a303a7087efdb8d48232fb8099561797466e5748161ccb55af96c1815dad,02_recordings/raw_audio/QINIST_001/XWC/RS_XWC_001_MVP_PILOT/experimental_split/working_wav/batch01_working.wav,RS_XWC_001_014,XWC_P03_N01,,SAN_TIAO_6,散挑六,atomic,straight,none,39.740,42.260,0,1520,02_recordings/raw_audio/QINIST_001/XWC/RS_XWC_001_MVP_PILOT/experimental_split/segment_candidates/SEG_XWC_PILOT_T014_RS_XWC_001_014_SAN_TIAO_6_straight.wav,SEG_XWC_PILOT_T014_RS_XWC_001_014_SAN_TIAO_6_straight.wav,energy_sequential_alignment,0.58,medium,true,uncertain_slate_performance_boundary,auto_split_candidate,pending,false,true,false,true,baseline straight
EXP_RS_XWC_001_MVP_PILOT_T015,RS_XWC_001_MVP_PILOT,RS_XWC_001,015,009,batch01,RS_XWC_001_MVP_PILOT_batch01,02_recordings/raw_audio/QINIST_001/XWC/RS_XWC_001_MVP_PILOT/raw/batch01.m4a,67d9a303a7087efdb8d48232fb8099561797466e5748161ccb55af96c1815dad,02_recordings/raw_audio/QINIST_001/XWC/RS_XWC_001_MVP_PILOT/experimental_split/working_wav/batch01_working.wav,RS_XWC_001_015,XWC_P03_N02,,SAN_GOU_4,散勾四,atomic,straight,none,42.260,44.640,0,1440,02_recordings/raw_audio/QINIST_001/XWC/RS_XWC_001_MVP_PILOT/experimental_split/segment_candidates/SEG_XWC_PILOT_T015_RS_XWC_001_015_SAN_GOU_4_straight.wav,SEG_XWC_PILOT_T015_RS_XWC_001_015_SAN_GOU_4_straight.wav,energy_sequential_alignment,0.58,medium,true,uncertain_slate_performance_boundary,auto_split_candidate,pending,false,true,false,true,baseline straight
EXP_RS_XWC_001_MVP_PILOT_T016,RS_XWC_001_MVP_PILOT,RS_XWC_001,016,010,batch01,RS_XWC_001_MVP_PILOT_batch01,02_recordings/raw_audio/QINIST_001/XWC/RS_XWC_001_MVP_PILOT/raw/batch01.m4a,67d9a303a7087efdb8d48232fb8099561797466e5748161ccb55af96c1815dad,02_recordings/raw_audio/QINIST_001/XWC/RS_XWC_001_MVP_PILOT/experimental_split/working_wav/batch01_working.wav,RS_XWC_001_016,XWC_P03_N03,,SAN_TIAO_5,散挑五,atomic,straight,none,44.640,47.420,0,2000,02_recordings/raw_audio/QINIST_001/XWC/RS_XWC_001_MVP_PILOT/experimental_split/segment_candidates/SEG_XWC_PILOT_T016_RS_XWC_001_016_SAN_TIAO_5_straight.wav,SEG_XWC_PILOT_T016_RS_XWC_001_016_SAN_TIAO_5_straight.wav,energy_sequential_alignment,0.58,medium,true,uncertain_slate_performance_boundary,auto_split_candidate,pending,false,true,false,true,baseline straight
EXP_RS_XWC_001_MVP_PILOT_T017,RS_XWC_001_MVP_PILOT,RS_XWC_001,017,035,batch01,RS_XWC_001_MVP_PILOT_batch01,02_recordings/raw_audio/QINIST_001/XWC/RS_XWC_001_MVP_PILOT/raw/batch01.m4a,67d9a303a7087efdb8d48232fb8099561797466e5748161ccb55af96c1815dad,02_recordings/raw_audio/QINIST_001/XWC/RS_XWC_001_MVP_PILOT/experimental_split/working_wav/batch01_working.wav,RS_XWC_001_017,XWC_P03_N04,,AN_RING_10_8_GOU_3,名十徽八勾三,atomic,straight,none,47.440,49.900,0,1940,02_recordings/raw_audio/QINIST_001/XWC/RS_XWC_001_MVP_PILOT/experimental_split/segment_candidates/SEG_XWC_PILOT_T017_RS_XWC_001_017_AN_RING_10_8_GOU_3_straight.wav,SEG_XWC_PILOT_T017_RS_XWC_001_017_AN_RING_10_8_GOU_3_straight.wav,energy_sequential_alignment,0.58,medium,true,uncertain_slate_performance_boundary,auto_split_candidate,pending,false,true,false,true,baseline straight
EXP_RS_XWC_001_MVP_PILOT_T018,RS_XWC_001_MVP_PILOT,RS_XWC_001,018,066,batch01,RS_XWC_001_MVP_PILOT_batch01,02_recordings/raw_audio/QINIST_001/XWC/RS_XWC_001_MVP_PILOT/raw/batch01.m4a,67d9a303a7087efdb8d48232fb8099561797466e5748161ccb55af96c1815dad,02_recordings/raw_audio/QINIST_001/XWC/RS_XWC_001_MVP_PILOT/experimental_split/working_wav/batch01_working.wav,RS_XWC_001_018,XWC_P03_N04,,AN_RING_10_8_GOU_3,名十徽八勾三,atomic,zhu,zhu,49.900,52.300,0,2000,02_recordings/raw_audio/QINIST_001/XWC/RS_XWC_001_MVP_PILOT/experimental_split/segment_candidates/SEG_XWC_PILOT_T018_RS_XWC_001_018_AN_RING_10_8_GOU_3_zhu.wav,SEG_XWC_PILOT_T018_RS_XWC_001_018_AN_RING_10_8_GOU_3_zhu.wav,energy_sequential_alignment,0.55,forced_review,true,zhu_special_item;uncertain_slate_performance_boundary,auto_split_candidate,pending,false,true,false,true,谱面明示注
EXP_RS_XWC_001_MVP_PILOT_T019,RS_XWC_001_MVP_PILOT,RS_XWC_001,019,011,batch01,RS_XWC_001_MVP_PILOT_batch01,02_recordings/raw_audio/QINIST_001/XWC/RS_XWC_001_MVP_PILOT/raw/batch01.m4a,67d9a303a7087efdb8d48232fb8099561797466e5748161ccb55af96c1815dad,02_recordings/raw_audio/QINIST_001/XWC/RS_XWC_001_MVP_PILOT/experimental_split/working_wav/batch01_working.wav,RS_XWC_001_019,XWC_P03_N05,,SAN_TIAO_6,散挑六,atomic,straight,none,52.720,54.680,0,1220,02_recordings/raw_audio/QINIST_001/XWC/RS_XWC_001_MVP_PILOT/experimental_split/segment_candidates/SEG_XWC_PILOT_T019_RS_XWC_001_019_SAN_TIAO_6_straight.wav,SEG_XWC_PILOT_T019_RS_XWC_001_019_SAN_TIAO_6_straight.wav,energy_sequential_alignment,0.58,medium,true,uncertain_slate_performance_boundary,auto_split_candidate,pending,false,true,false,true,baseline straight
EXP_RS_XWC_001_MVP_PILOT_T020,RS_XWC_001_MVP_PILOT,RS_XWC_001,020,036,batch01,RS_XWC_001_MVP_PILOT_batch01,02_recordings/raw_audio/QINIST_001/XWC/RS_XWC_001_MVP_PILOT/raw/batch01.m4a,67d9a303a7087efdb8d48232fb8099561797466e5748161ccb55af96c1815dad,02_recordings/raw_audio/QINIST_001/XWC/RS_XWC_001_MVP_PILOT/experimental_split/working_wav/batch01_working.wav,RS_XWC_001_020,XWC_P03_N06,,AN_THUMB_9_GOU_3,大九勾三,atomic,straight,none,54.680,57.140,0,1800,02_recordings/raw_audio/QINIST_001/XWC/RS_XWC_001_MVP_PILOT/experimental_split/segment_candidates/SEG_XWC_PILOT_T020_RS_XWC_001_020_AN_THUMB_9_GOU_3_straight.wav,SEG_XWC_PILOT_T020_RS_XWC_001_020_AN_THUMB_9_GOU_3_straight.wav,energy_sequential_alignment,0.58,medium,true,uncertain_slate_performance_boundary,auto_split_candidate,pending,false,true,false,true,baseline straight
EXP_RS_XWC_001_MVP_PILOT_T021,RS_XWC_001_MVP_PILOT,RS_XWC_001,021,053,batch01,RS_XWC_001_MVP_PILOT_batch01,02_recordings/raw_audio/QINIST_001/XWC/RS_XWC_001_MVP_PILOT/raw/batch01.m4a,67d9a303a7087efdb8d48232fb8099561797466e5748161ccb55af96c1815dad,02_recordings/raw_audio/QINIST_001/XWC/RS_XWC_001_MVP_PILOT/experimental_split/working_wav/batch01_working.wav,RS_XWC_001_021,XWC_P03_N06,,AN_THUMB_9_GOU_3,大九勾三,atomic,chuo,chuo,57.140,59.060,0,940,02_recordings/raw_audio/QINIST_001/XWC/RS_XWC_001_MVP_PILOT/experimental_split/segment_candidates/SEG_XWC_PILOT_T021_RS_XWC_001_021_AN_THUMB_9_GOU_3_chuo.wav,SEG_XWC_PILOT_T021_RS_XWC_001_021_AN_THUMB_9_GOU_3_chuo.wav,energy_sequential_alignment,0.58,medium,true,uncertain_slate_performance_boundary,auto_split_candidate,pending,false,true,false,true,普通按音默认绰 realization
EXP_RS_XWC_001_MVP_PILOT_T022,RS_XWC_001_MVP_PILOT,RS_XWC_001,022,012,batch01,RS_XWC_001_MVP_PILOT_batch01,02_recordings/raw_audio/QINIST_001/XWC/RS_XWC_001_MVP_PILOT/raw/batch01.m4a,67d9a303a7087efdb8d48232fb8099561797466e5748161ccb55af96c1815dad,02_recordings/raw_audio/QINIST_001/XWC/RS_XWC_001_MVP_PILOT/experimental_split/working_wav/batch01_working.wav,RS_XWC_001_022,XWC_P04_N01,,SAN_TIAO_5,散挑五,atomic,straight,none,59.060,61.880,0,2000,02_recordings/raw_audio/QINIST_001/XWC/RS_XWC_001_MVP_PILOT/experimental_split/segment_candidates/SEG_XWC_PILOT_T022_RS_XWC_001_022_SAN_TIAO_5_straight.wav,SEG_XWC_PILOT_T022_RS_XWC_001_022_SAN_TIAO_5_straight.wav,energy_sequential_alignment,0.58,medium,true,uncertain_slate_performance_boundary,auto_split_candidate,pending,false,true,false,true,baseline straight
EXP_RS_XWC_001_MVP_PILOT_T023,RS_XWC_001_MVP_PILOT,RS_XWC_001,023,013,batch01,RS_XWC_001_MVP_PILOT_batch01,02_recordings/raw_audio/QINIST_001/XWC/RS_XWC_001_MVP_PILOT/raw/batch01.m4a,67d9a303a7087efdb8d48232fb8099561797466e5748161ccb55af96c1815dad,02_recordings/raw_audio/QINIST_001/XWC/RS_XWC_001_MVP_PILOT/experimental_split/working_wav/batch01_working.wav,RS_XWC_001_023,XWC_P04_N02,,SAN_GOU_3,散勾三,atomic,straight,none,63.500,66.220,0,2000,02_recordings/raw_audio/QINIST_001/XWC/RS_XWC_001_MVP_PILOT/experimental_split/segment_candidates/SEG_XWC_PILOT_T023_RS_XWC_001_023_SAN_GOU_3_straight.wav,SEG_XWC_PILOT_T023_RS_XWC_001_023_SAN_GOU_3_straight.wav,energy_sequential_alignment,0.86,high,false,,auto_split_candidate,pending,false,true,false,true,baseline straight
EXP_RS_XWC_001_MVP_PILOT_T024,RS_XWC_001_MVP_PILOT,RS_XWC_001,024,014,batch01,RS_XWC_001_MVP_PILOT_batch01,02_recordings/raw_audio/QINIST_001/XWC/RS_XWC_001_MVP_PILOT/raw/batch01.m4a,67d9a303a7087efdb8d48232fb8099561797466e5748161ccb55af96c1815dad,02_recordings/raw_audio/QINIST_001/XWC/RS_XWC_001_MVP_PILOT/experimental_split/working_wav/batch01_working.wav,RS_XWC_001_024,XWC_P04_N03,,SAN_TIAO_4,散挑四,atomic,straight,none,68.180,70.620,0,2000,02_recordings/raw_audio/QINIST_001/XWC/RS_XWC_001_MVP_PILOT/experimental_split/segment_candidates/SEG_XWC_PILOT_T024_RS_XWC_001_024_SAN_TIAO_4_straight.wav,SEG_XWC_PILOT_T024_RS_XWC_001_024_SAN_TIAO_4_straight.wav,energy_sequential_alignment,0.86,high,false,,auto_split_candidate,pending,false,true,false,true,baseline straight
EXP_RS_XWC_001_MVP_PILOT_T025,RS_XWC_001_MVP_PILOT,RS_XWC_001,025,037,batch01,RS_XWC_001_MVP_PILOT_batch01,02_recordings/raw_audio/QINIST_001/XWC/RS_XWC_001_MVP_PILOT/raw/batch01.m4a,67d9a303a7087efdb8d48232fb8099561797466e5748161ccb55af96c1815dad,02_recordings/raw_audio/QINIST_001/XWC/RS_XWC_001_MVP_PILOT/experimental_split/working_wav/batch01_working.wav,RS_XWC_001_025,XWC_P04_N04,,AN_RING_10_GOU_2,名十勾二,atomic,straight,none,71.640,72.780,0,880,02_recordings/raw_audio/QINIST_001/XWC/RS_XWC_001_MVP_PILOT/experimental_split/segment_candidates/SEG_XWC_PILOT_T025_RS_XWC_001_025_AN_RING_10_GOU_2_straight.wav,SEG_XWC_PILOT_T025_RS_XWC_001_025_AN_RING_10_GOU_2_straight.wav,energy_sequential_alignment,0.86,high,false,,auto_split_candidate,pending,false,true,false,true,baseline straight
EXP_RS_XWC_001_MVP_PILOT_T026,RS_XWC_001_MVP_PILOT,RS_XWC_001,026,054,batch01,RS_XWC_001_MVP_PILOT_batch01,02_recordings/raw_audio/QINIST_001/XWC/RS_XWC_001_MVP_PILOT/raw/batch01.m4a,67d9a303a7087efdb8d48232fb8099561797466e5748161ccb55af96c1815dad,02_recordings/raw_audio/QINIST_001/XWC/RS_XWC_001_MVP_PILOT/experimental_split/working_wav/batch01_working.wav,RS_XWC_001_026,XWC_P04_N04,,AN_RING_10_GOU_2,名十勾二,atomic,chuo,chuo,72.780,75.280,0,2000,02_recordings/raw_audio/QINIST_001/XWC/RS_XWC_001_MVP_PILOT/experimental_split/segment_candidates/SEG_XWC_PILOT_T026_RS_XWC_001_026_AN_RING_10_GOU_2_chuo.wav,SEG_XWC_PILOT_T026_RS_XWC_001_026_AN_RING_10_GOU_2_chuo.wav,energy_sequential_alignment,0.58,medium,true,uncertain_slate_performance_boundary,auto_split_candidate,pending,false,true,false,true,普通按音默认绰 realization
EXP_RS_XWC_001_MVP_PILOT_T027,RS_XWC_001_MVP_PILOT,RS_XWC_001,027,015,batch01,RS_XWC_001_MVP_PILOT_batch01,02_recordings/raw_audio/QINIST_001/XWC/RS_XWC_001_MVP_PILOT/raw/batch01.m4a,67d9a303a7087efdb8d48232fb8099561797466e5748161ccb55af96c1815dad,02_recordings/raw_audio/QINIST_001/XWC/RS_XWC_001_MVP_PILOT/experimental_split/working_wav/batch01_working.wav,RS_XWC_001_027,XWC_P04_N05,,SAN_TIAO_5,散挑五,atomic,straight,none,75.500,77.140,0,1220,02_recordings/raw_audio/QINIST_001/XWC/RS_XWC_001_MVP_PILOT/experimental_split/segment_candidates/SEG_XWC_PILOT_T027_RS_XWC_001_027_SAN_TIAO_5_straight.wav,SEG_XWC_PILOT_T027_RS_XWC_001_027_SAN_TIAO_5_straight.wav,energy_sequential_alignment,0.58,medium,true,uncertain_slate_performance_boundary,auto_split_candidate,pending,false,true,false,true,baseline straight
EXP_RS_XWC_001_MVP_PILOT_T028,RS_XWC_001_MVP_PILOT,RS_XWC_001,028,038,batch01,RS_XWC_001_MVP_PILOT_batch01,02_recordings/raw_audio/QINIST_001/XWC/RS_XWC_001_MVP_PILOT/raw/batch01.m4a,67d9a303a7087efdb8d48232fb8099561797466e5748161ccb55af96c1815dad,02_recordings/raw_audio/QINIST_001/XWC/RS_XWC_001_MVP_PILOT/experimental_split/working_wav/batch01_working.wav,RS_XWC_001_028,XWC_P04_N06,,AN_THUMB_9_GOU_2,大九勾二,atomic,straight,none,77.140,79.420,0,1560,02_recordings/raw_audio/QINIST_001/XWC/RS_XWC_001_MVP_PILOT/experimental_split/segment_candidates/SEG_XWC_PILOT_T028_RS_XWC_001_028_AN_THUMB_9_GOU_2_straight.wav,SEG_XWC_PILOT_T028_RS_XWC_001_028_AN_THUMB_9_GOU_2_straight.wav,energy_sequential_alignment,0.58,medium,true,uncertain_slate_performance_boundary,auto_split_candidate,pending,false,true,false,true,baseline straight
EXP_RS_XWC_001_MVP_PILOT_T029,RS_XWC_001_MVP_PILOT,RS_XWC_001,029,055,batch01,RS_XWC_001_MVP_PILOT_batch01,02_recordings/raw_audio/QINIST_001/XWC/RS_XWC_001_MVP_PILOT/raw/batch01.m4a,67d9a303a7087efdb8d48232fb8099561797466e5748161ccb55af96c1815dad,02_recordings/raw_audio/QINIST_001/XWC/RS_XWC_001_MVP_PILOT/experimental_split/working_wav/batch01_working.wav,RS_XWC_001_029,XWC_P04_N06,,AN_THUMB_9_GOU_2,大九勾二,atomic,chuo,chuo,79.420,81.580,0,1200,02_recordings/raw_audio/QINIST_001/XWC/RS_XWC_001_MVP_PILOT/experimental_split/segment_candidates/SEG_XWC_PILOT_T029_RS_XWC_001_029_AN_THUMB_9_GOU_2_chuo.wav,SEG_XWC_PILOT_T029_RS_XWC_001_029_AN_THUMB_9_GOU_2_chuo.wav,energy_sequential_alignment,0.58,medium,true,uncertain_slate_performance_boundary,auto_split_candidate,pending,false,true,false,true,普通按音默认绰 realization
EXP_RS_XWC_001_MVP_PILOT_T030,RS_XWC_001_MVP_PILOT,RS_XWC_001,030,016,batch01,RS_XWC_001_MVP_PILOT_batch01,02_recordings/raw_audio/QINIST_001/XWC/RS_XWC_001_MVP_PILOT/raw/batch01.m4a,67d9a303a7087efdb8d48232fb8099561797466e5748161ccb55af96c1815dad,02_recordings/raw_audio/QINIST_001/XWC/RS_XWC_001_MVP_PILOT/experimental_split/working_wav/batch01_working.wav,RS_XWC_001_030,XWC_P05_N01,,SAN_TIAO_4,散挑四,atomic,straight,none,81.580,84.000,0,2000,02_recordings/raw_audio/QINIST_001/XWC/RS_XWC_001_MVP_PILOT/experimental_split/segment_candidates/SEG_XWC_PILOT_T030_RS_XWC_001_030_SAN_TIAO_4_straight.wav,SEG_XWC_PILOT_T030_RS_XWC_001_030_SAN_TIAO_4_straight.wav,energy_sequential_alignment,0.58,medium,true,uncertain_slate_performance_boundary,auto_split_candidate,pending,false,true,false,true,baseline straight
EXP_RS_XWC_001_MVP_PILOT_T031,RS_XWC_001_MVP_PILOT,RS_XWC_001,031,017,batch01,RS_XWC_001_MVP_PILOT_batch01,02_recordings/raw_audio/QINIST_001/XWC/RS_XWC_001_MVP_PILOT/raw/batch01.m4a,67d9a303a7087efdb8d48232fb8099561797466e5748161ccb55af96c1815dad,02_recordings/raw_audio/QINIST_001/XWC/RS_XWC_001_MVP_PILOT/experimental_split/working_wav/batch01_working.wav,RS_XWC_001_031,XWC_P05_N02,,SAN_GOU_2,散勾二,atomic,straight,none,84.280,86.840,0,2000,02_recordings/raw_audio/QINIST_001/XWC/RS_XWC_001_MVP_PILOT/experimental_split/segment_candidates/SEG_XWC_PILOT_T031_RS_XWC_001_031_SAN_GOU_2_straight.wav,SEG_XWC_PILOT_T031_RS_XWC_001_031_SAN_GOU_2_straight.wav,energy_sequential_alignment,0.58,medium,true,uncertain_slate_performance_boundary,auto_split_candidate,pending,false,true,false,true,baseline straight
EXP_RS_XWC_001_MVP_PILOT_T032,RS_XWC_001_MVP_PILOT,RS_XWC_001,032,018,batch01,RS_XWC_001_MVP_PILOT_batch01,02_recordings/raw_audio/QINIST_001/XWC/RS_XWC_001_MVP_PILOT/raw/batch01.m4a,67d9a303a7087efdb8d48232fb8099561797466e5748161ccb55af96c1815dad,02_recordings/raw_audio/QINIST_001/XWC/RS_XWC_001_MVP_PILOT/experimental_split/working_wav/batch01_working.wav,RS_XWC_001_032,XWC_P05_N03,,SAN_TIAO_3,散挑三,atomic,straight,none,91.660,94.300,0,2000,02_recordings/raw_audio/QINIST_001/XWC/RS_XWC_001_MVP_PILOT/experimental_split/segment_candidates/SEG_XWC_PILOT_T032_RS_XWC_001_032_SAN_TIAO_3_straight.wav,SEG_XWC_PILOT_T032_RS_XWC_001_032_SAN_TIAO_3_straight.wav,energy_sequential_alignment,0.86,high,false,,auto_split_candidate,pending,false,true,false,true,baseline straight
EXP_RS_XWC_001_MVP_PILOT_T033,RS_XWC_001_MVP_PILOT,RS_XWC_001,033,039,batch01,RS_XWC_001_MVP_PILOT_batch01,02_recordings/raw_audio/QINIST_001/XWC/RS_XWC_001_MVP_PILOT/raw/batch01.m4a,67d9a303a7087efdb8d48232fb8099561797466e5748161ccb55af96c1815dad,02_recordings/raw_audio/QINIST_001/XWC/RS_XWC_001_MVP_PILOT/experimental_split/working_wav/batch01_working.wav,RS_XWC_001_033,XWC_P05_N04,,AN_RING_10_GOU_1,名十勾一,atomic,straight,none,94.420,96.120,0,920,02_recordings/raw_audio/QINIST_001/XWC/RS_XWC_001_MVP_PILOT/experimental_split/segment_candidates/SEG_XWC_PILOT_T033_RS_XWC_001_033_AN_RING_10_GOU_1_straight.wav,SEG_XWC_PILOT_T033_RS_XWC_001_033_AN_RING_10_GOU_1_straight.wav,energy_sequential_alignment,0.58,medium,true,uncertain_slate_performance_boundary,auto_split_candidate,pending,false,true,false,true,baseline straight
EXP_RS_XWC_001_MVP_PILOT_T034,RS_XWC_001_MVP_PILOT,RS_XWC_001,034,056,batch01,RS_XWC_001_MVP_PILOT_batch01,02_recordings/raw_audio/QINIST_001/XWC/RS_XWC_001_MVP_PILOT/raw/batch01.m4a,67d9a303a7087efdb8d48232fb8099561797466e5748161ccb55af96c1815dad,02_recordings/raw_audio/QINIST_001/XWC/RS_XWC_001_MVP_PILOT/experimental_split/working_wav/batch01_working.wav,RS_XWC_001_034,XWC_P05_N04,,AN_RING_10_GOU_1,名十勾一,atomic,chuo,chuo,96.120,98.780,0,2000,02_recordings/raw_audio/QINIST_001/XWC/RS_XWC_001_MVP_PILOT/experimental_split/segment_candidates/SEG_XWC_PILOT_T034_RS_XWC_001_034_AN_RING_10_GOU_1_chuo.wav,SEG_XWC_PILOT_T034_RS_XWC_001_034_AN_RING_10_GOU_1_chuo.wav,energy_sequential_alignment,0.58,medium,true,uncertain_slate_performance_boundary,auto_split_candidate,pending,false,true,false,true,普通按音默认绰 realization
EXP_RS_XWC_001_MVP_PILOT_T035,RS_XWC_001_MVP_PILOT,RS_XWC_001,035,019,batch01,RS_XWC_001_MVP_PILOT_batch01,02_recordings/raw_audio/QINIST_001/XWC/RS_XWC_001_MVP_PILOT/raw/batch01.m4a,67d9a303a7087efdb8d48232fb8099561797466e5748161ccb55af96c1815dad,02_recordings/raw_audio/QINIST_001/XWC/RS_XWC_001_MVP_PILOT/experimental_split/working_wav/batch01_working.wav,RS_XWC_001_035,XWC_P05_N05,,SAN_TIAO_4,散挑四,atomic,straight,none,99.000,100.700,0,1120,02_recordings/raw_audio/QINIST_001/XWC/RS_XWC_001_MVP_PILOT/experimental_split/segment_candidates/SEG_XWC_PILOT_T035_RS_XWC_001_035_SAN_TIAO_4_straight.wav,SEG_XWC_PILOT_T035_RS_XWC_001_035_SAN_TIAO_4_straight.wav,energy_sequential_alignment,0.58,medium,true,uncertain_slate_performance_boundary,auto_split_candidate,pending,false,true,false,true,baseline straight
EXP_RS_XWC_001_MVP_PILOT_T036,RS_XWC_001_MVP_PILOT,RS_XWC_001,036,040,batch01,RS_XWC_001_MVP_PILOT_batch01,02_recordings/raw_audio/QINIST_001/XWC/RS_XWC_001_MVP_PILOT/raw/batch01.m4a,67d9a303a7087efdb8d48232fb8099561797466e5748161ccb55af96c1815dad,02_recordings/raw_audio/QINIST_001/XWC/RS_XWC_001_MVP_PILOT/experimental_split/working_wav/batch01_working.wav,RS_XWC_001_036,XWC_P05_N06,,AN_THUMB_9_GOU_1,大九勾一,atomic,straight,none,100.700,103.300,0,2000,02_recordings/raw_audio/QINIST_001/XWC/RS_XWC_001_MVP_PILOT/experimental_split/segment_candidates/SEG_XWC_PILOT_T036_RS_XWC_001_036_AN_THUMB_9_GOU_1_straight.wav,SEG_XWC_PILOT_T036_RS_XWC_001_036_AN_THUMB_9_GOU_1_straight.wav,energy_sequential_alignment,0.58,medium,true,uncertain_slate_performance_boundary,auto_split_candidate,pending,false,true,false,true,baseline straight
EXP_RS_XWC_001_MVP_PILOT_T037,RS_XWC_001_MVP_PILOT,RS_XWC_001,037,057,batch01,RS_XWC_001_MVP_PILOT_batch01,02_recordings/raw_audio/QINIST_001/XWC/RS_XWC_001_MVP_PILOT/raw/batch01.m4a,67d9a303a7087efdb8d48232fb8099561797466e5748161ccb55af96c1815dad,02_recordings/raw_audio/QINIST_001/XWC/RS_XWC_001_MVP_PILOT/experimental_split/working_wav/batch01_working.wav,RS_XWC_001_037,XWC_P05_N06,,AN_THUMB_9_GOU_1,大九勾一,atomic,chuo,chuo,103.580,105.440,0,1000,02_recordings/raw_audio/QINIST_001/XWC/RS_XWC_001_MVP_PILOT/experimental_split/segment_candidates/SEG_XWC_PILOT_T037_RS_XWC_001_037_AN_THUMB_9_GOU_1_chuo.wav,SEG_XWC_PILOT_T037_RS_XWC_001_037_AN_THUMB_9_GOU_1_chuo.wav,energy_sequential_alignment,0.58,medium,true,uncertain_slate_performance_boundary,auto_split_candidate,pending,false,true,false,true,普通按音默认绰 realization
EXP_RS_XWC_001_MVP_PILOT_T038,RS_XWC_001_MVP_PILOT,RS_XWC_001,038,020,batch01,RS_XWC_001_MVP_PILOT_batch01,02_recordings/raw_audio/QINIST_001/XWC/RS_XWC_001_MVP_PILOT/raw/batch01.m4a,67d9a303a7087efdb8d48232fb8099561797466e5748161ccb55af96c1815dad,02_recordings/raw_audio/QINIST_001/XWC/RS_XWC_001_MVP_PILOT/experimental_split/working_wav/batch01_working.wav,RS_XWC_001_038,XWC_P06_N01,,SAN_TIAO_4,散挑四,atomic,straight,none,105.440,107.620,0,1460,02_recordings/raw_audio/QINIST_001/XWC/RS_XWC_001_MVP_PILOT/experimental_split/segment_candidates/SEG_XWC_PILOT_T038_RS_XWC_001_038_SAN_TIAO_4_straight.wav,SEG_XWC_PILOT_T038_RS_XWC_001_038_SAN_TIAO_4_straight.wav,energy_sequential_alignment,0.58,medium,true,uncertain_slate_performance_boundary,auto_split_candidate,pending,false,true,false,true,baseline straight
EXP_RS_XWC_001_MVP_PILOT_T039,RS_XWC_001_MVP_PILOT,RS_XWC_001,039,041,batch01,RS_XWC_001_MVP_PILOT_batch01,02_recordings/raw_audio/QINIST_001/XWC/RS_XWC_001_MVP_PILOT/raw/batch01.m4a,67d9a303a7087efdb8d48232fb8099561797466e5748161ccb55af96c1815dad,02_recordings/raw_audio/QINIST_001/XWC/RS_XWC_001_MVP_PILOT/experimental_split/working_wav/batch01_working.wav,RS_XWC_001_039,XWC_P06_N02,,AN_THUMB_9_GOU_1,大九勾一,atomic,straight,none,107.620,109.640,0,1200,02_recordings/raw_audio/QINIST_001/XWC/RS_XWC_001_MVP_PILOT/experimental_split/segment_candidates/SEG_XWC_PILOT_T039_RS_XWC_001_039_AN_THUMB_9_GOU_1_straight.wav,SEG_XWC_PILOT_T039_RS_XWC_001_039_AN_THUMB_9_GOU_1_straight.wav,energy_sequential_alignment,0.58,medium,true,uncertain_slate_performance_boundary,auto_split_candidate,pending,false,true,false,true,baseline straight
EXP_RS_XWC_001_MVP_PILOT_T040,RS_XWC_001_MVP_PILOT,RS_XWC_001,040,058,batch01,RS_XWC_001_MVP_PILOT_batch01,02_recordings/raw_audio/QINIST_001/XWC/RS_XWC_001_MVP_PILOT/raw/batch01.m4a,67d9a303a7087efdb8d48232fb8099561797466e5748161ccb55af96c1815dad,02_recordings/raw_audio/QINIST_001/XWC/RS_XWC_001_MVP_PILOT/experimental_split/working_wav/batch01_working.wav,RS_XWC_001_040,XWC_P06_N02,,AN_THUMB_9_GOU_1,大九勾一,atomic,chuo,chuo,109.640,111.980,0,1520,02_recordings/raw_audio/QINIST_001/XWC/RS_XWC_001_MVP_PILOT/experimental_split/segment_candidates/SEG_XWC_PILOT_T040_RS_XWC_001_040_AN_THUMB_9_GOU_1_chuo.wav,SEG_XWC_PILOT_T040_RS_XWC_001_040_AN_THUMB_9_GOU_1_chuo.wav,energy_sequential_alignment,0.58,medium,true,uncertain_slate_performance_boundary,auto_split_candidate,pending,false,true,false,true,普通按音默认绰 realization
EXP_RS_XWC_001_MVP_PILOT_T041,RS_XWC_001_MVP_PILOT,RS_XWC_001,041,021,batch01,RS_XWC_001_MVP_PILOT_batch01,02_recordings/raw_audio/QINIST_001/XWC/RS_XWC_001_MVP_PILOT/raw/batch01.m4a,67d9a303a7087efdb8d48232fb8099561797466e5748161ccb55af96c1815dad,02_recordings/raw_audio/QINIST_001/XWC/RS_XWC_001_MVP_PILOT/experimental_split/working_wav/batch01_working.wav,RS_XWC_001_041,XWC_P06_N03,,SAN_TIAO_5,散挑五,atomic,straight,none,111.980,113.480,0,960,02_recordings/raw_audio/QINIST_001/XWC/RS_XWC_001_MVP_PILOT/experimental_split/segment_candidates/SEG_XWC_PILOT_T041_RS_XWC_001_041_SAN_TIAO_5_straight.wav,SEG_XWC_PILOT_T041_RS_XWC_001_041_SAN_TIAO_5_straight.wav,energy_sequential_alignment,0.58,medium,true,uncertain_slate_performance_boundary,auto_split_candidate,pending,false,true,false,true,baseline straight
EXP_RS_XWC_001_MVP_PILOT_T042,RS_XWC_001_MVP_PILOT,RS_XWC_001,042,042,batch01,RS_XWC_001_MVP_PILOT_batch01,02_recordings/raw_audio/QINIST_001/XWC/RS_XWC_001_MVP_PILOT/raw/batch01.m4a,67d9a303a7087efdb8d48232fb8099561797466e5748161ccb55af96c1815dad,02_recordings/raw_audio/QINIST_001/XWC/RS_XWC_001_MVP_PILOT/experimental_split/working_wav/batch01_working.wav,RS_XWC_001_042,XWC_P06_N04,,AN_THUMB_9_GOU_2,大九勾二,atomic,straight,none,113.480,115.840,0,1580,02_recordings/raw_audio/QINIST_001/XWC/RS_XWC_001_MVP_PILOT/experimental_split/segment_candidates/SEG_XWC_PILOT_T042_RS_XWC_001_042_AN_THUMB_9_GOU_2_straight.wav,SEG_XWC_PILOT_T042_RS_XWC_001_042_AN_THUMB_9_GOU_2_straight.wav,energy_sequential_alignment,0.58,medium,true,uncertain_slate_performance_boundary,auto_split_candidate,pending,false,true,false,true,baseline straight
EXP_RS_XWC_001_MVP_PILOT_T043,RS_XWC_001_MVP_PILOT,RS_XWC_001,043,059,batch01,RS_XWC_001_MVP_PILOT_batch01,02_recordings/raw_audio/QINIST_001/XWC/RS_XWC_001_MVP_PILOT/raw/batch01.m4a,67d9a303a7087efdb8d48232fb8099561797466e5748161ccb55af96c1815dad,02_recordings/raw_audio/QINIST_001/XWC/RS_XWC_001_MVP_PILOT/experimental_split/working_wav/batch01_working.wav,RS_XWC_001_043,XWC_P06_N04,,AN_THUMB_9_GOU_2,大九勾二,atomic,chuo,chuo,116.300,117.300,0,780,02_recordings/raw_audio/QINIST_001/XWC/RS_XWC_001_MVP_PILOT/experimental_split/segment_candidates/SEG_XWC_PILOT_T043_RS_XWC_001_043_AN_THUMB_9_GOU_2_chuo.wav,SEG_XWC_PILOT_T043_RS_XWC_001_043_AN_THUMB_9_GOU_2_chuo.wav,energy_sequential_alignment,0.86,high,false,,auto_split_candidate,pending,false,true,false,true,普通按音默认绰 realization
EXP_RS_XWC_001_MVP_PILOT_T044,RS_XWC_001_MVP_PILOT,RS_XWC_001,044,022,batch01,RS_XWC_001_MVP_PILOT_batch01,02_recordings/raw_audio/QINIST_001/XWC/RS_XWC_001_MVP_PILOT/raw/batch01.m4a,67d9a303a7087efdb8d48232fb8099561797466e5748161ccb55af96c1815dad,02_recordings/raw_audio/QINIST_001/XWC/RS_XWC_001_MVP_PILOT/experimental_split/working_wav/batch01_working.wav,RS_XWC_001_044,XWC_P07_N01,,SAN_TIAO_6,散挑六,atomic,straight,none,117.300,119.120,0,1040,02_recordings/raw_audio/QINIST_001/XWC/RS_XWC_001_MVP_PILOT/experimental_split/segment_candidates/SEG_XWC_PILOT_T044_RS_XWC_001_044_SAN_TIAO_6_straight.wav,SEG_XWC_PILOT_T044_RS_XWC_001_044_SAN_TIAO_6_straight.wav,energy_sequential_alignment,0.58,medium,true,uncertain_slate_performance_boundary,auto_split_candidate,pending,false,true,false,true,baseline straight
EXP_RS_XWC_001_MVP_PILOT_T045,RS_XWC_001_MVP_PILOT,RS_XWC_001,045,043,batch01,RS_XWC_001_MVP_PILOT_batch01,02_recordings/raw_audio/QINIST_001/XWC/RS_XWC_001_MVP_PILOT/raw/batch01.m4a,67d9a303a7087efdb8d48232fb8099561797466e5748161ccb55af96c1815dad,02_recordings/raw_audio/QINIST_001/XWC/RS_XWC_001_MVP_PILOT/experimental_split/working_wav/batch01_working.wav,RS_XWC_001_045,XWC_P07_N02,,AN_THUMB_9_GOU_3,大九勾三,atomic,straight,none,119.120,121.000,0,1320,02_recordings/raw_audio/QINIST_001/XWC/RS_XWC_001_MVP_PILOT/experimental_split/segment_candidates/SEG_XWC_PILOT_T045_RS_XWC_001_045_AN_THUMB_9_GOU_3_straight.wav,SEG_XWC_PILOT_T045_RS_XWC_001_045_AN_THUMB_9_GOU_3_straight.wav,energy_sequential_alignment,0.58,medium,true,uncertain_slate_performance_boundary,auto_split_candidate,pending,false,true,false,true,baseline straight
EXP_RS_XWC_001_MVP_PILOT_T046,RS_XWC_001_MVP_PILOT,RS_XWC_001,046,060,batch01,RS_XWC_001_MVP_PILOT_batch01,02_recordings/raw_audio/QINIST_001/XWC/RS_XWC_001_MVP_PILOT/raw/batch01.m4a,67d9a303a7087efdb8d48232fb8099561797466e5748161ccb55af96c1815dad,02_recordings/raw_audio/QINIST_001/XWC/RS_XWC_001_MVP_PILOT/experimental_split/working_wav/batch01_working.wav,RS_XWC_001_046,XWC_P07_N02,,AN_THUMB_9_GOU_3,大九勾三,atomic,chuo,chuo,121.000,123.740,0,2000,02_recordings/raw_audio/QINIST_001/XWC/RS_XWC_001_MVP_PILOT/experimental_split/segment_candidates/SEG_XWC_PILOT_T046_RS_XWC_001_046_AN_THUMB_9_GOU_3_chuo.wav,SEG_XWC_PILOT_T046_RS_XWC_001_046_AN_THUMB_9_GOU_3_chuo.wav,energy_sequential_alignment,0.58,medium,true,uncertain_slate_performance_boundary,auto_split_candidate,pending,false,true,false,true,普通按音默认绰 realization
EXP_RS_XWC_001_MVP_PILOT_T047,RS_XWC_001_MVP_PILOT,RS_XWC_001,047,023,batch02,RS_XWC_001_MVP_PILOT_batch02,02_recordings/raw_audio/QINIST_001/XWC/RS_XWC_001_MVP_PILOT/raw/batch02.m4a,1e96ba37f96e88bb175d7ffa3bee65cd73e0465e7d92db50b18e623e8a7f8980,02_recordings/raw_audio/QINIST_001/XWC/RS_XWC_001_MVP_PILOT/experimental_split/working_wav/batch02_working.wav,RS_XWC_001_047,XWC_P07_N03,,SAN_TIAO_7,散挑七,atomic,straight,none,2.920,5.920,0,2000,02_recordings/raw_audio/QINIST_001/XWC/RS_XWC_001_MVP_PILOT/experimental_split/segment_candidates/SEG_XWC_PILOT_T047_RS_XWC_001_047_SAN_TIAO_7_straight.wav,SEG_XWC_PILOT_T047_RS_XWC_001_047_SAN_TIAO_7_straight.wav,energy_sequential_alignment,0.58,medium,true,uncertain_slate_performance_boundary,auto_split_candidate,pending,false,true,false,true,baseline straight
EXP_RS_XWC_001_MVP_PILOT_T048,RS_XWC_001_MVP_PILOT,RS_XWC_001,048,044,batch02,RS_XWC_001_MVP_PILOT_batch02,02_recordings/raw_audio/QINIST_001/XWC/RS_XWC_001_MVP_PILOT/raw/batch02.m4a,1e96ba37f96e88bb175d7ffa3bee65cd73e0465e7d92db50b18e623e8a7f8980,02_recordings/raw_audio/QINIST_001/XWC/RS_XWC_001_MVP_PILOT/experimental_split/working_wav/batch02_working.wav,RS_XWC_001_048,XWC_P07_N04,,AN_THUMB_9_GOU_4,大九勾四,atomic,straight,none,9.340,12.460,0,2000,02_recordings/raw_audio/QINIST_001/XWC/RS_XWC_001_MVP_PILOT/experimental_split/segment_candidates/SEG_XWC_PILOT_T048_RS_XWC_001_048_AN_THUMB_9_GOU_4_straight.wav,SEG_XWC_PILOT_T048_RS_XWC_001_048_AN_THUMB_9_GOU_4_straight.wav,energy_sequential_alignment,0.58,medium,true,uncertain_slate_performance_boundary,auto_split_candidate,pending,false,true,false,true,baseline straight
EXP_RS_XWC_001_MVP_PILOT_T049,RS_XWC_001_MVP_PILOT,RS_XWC_001,049,061,batch02,RS_XWC_001_MVP_PILOT_batch02,02_recordings/raw_audio/QINIST_001/XWC/RS_XWC_001_MVP_PILOT/raw/batch02.m4a,1e96ba37f96e88bb175d7ffa3bee65cd73e0465e7d92db50b18e623e8a7f8980,02_recordings/raw_audio/QINIST_001/XWC/RS_XWC_001_MVP_PILOT/experimental_split/working_wav/batch02_working.wav,RS_XWC_001_049,XWC_P07_N04,,AN_THUMB_9_GOU_4,大九勾四,atomic,chuo,chuo,15.960,19.060,0,2000,02_recordings/raw_audio/QINIST_001/XWC/RS_XWC_001_MVP_PILOT/experimental_split/segment_candidates/SEG_XWC_PILOT_T049_RS_XWC_001_049_AN_THUMB_9_GOU_4_chuo.wav,SEG_XWC_PILOT_T049_RS_XWC_001_049_AN_THUMB_9_GOU_4_chuo.wav,energy_sequential_alignment,0.58,medium,true,uncertain_slate_performance_boundary,auto_split_candidate,pending,false,true,false,true,普通按音默认绰 realization
EXP_RS_XWC_001_MVP_PILOT_T050,RS_XWC_001_MVP_PILOT,RS_XWC_001,050,045,batch02,RS_XWC_001_MVP_PILOT_batch02,02_recordings/raw_audio/QINIST_001/XWC/RS_XWC_001_MVP_PILOT/raw/batch02.m4a,1e96ba37f96e88bb175d7ffa3bee65cd73e0465e7d92db50b18e623e8a7f8980,02_recordings/raw_audio/QINIST_001/XWC/RS_XWC_001_MVP_PILOT/experimental_split/working_wav/batch02_working.wav,RS_XWC_001_050,XWC_P08_N01,,AN_THUMB_9_GOU_5,大九勾五,atomic,straight,none,19.220,22.440,0,2000,02_recordings/raw_audio/QINIST_001/XWC/RS_XWC_001_MVP_PILOT/experimental_split/segment_candidates/SEG_XWC_PILOT_T050_RS_XWC_001_050_AN_THUMB_9_GOU_5_straight.wav,SEG_XWC_PILOT_T050_RS_XWC_001_050_AN_THUMB_9_GOU_5_straight.wav,energy_sequential_alignment,0.58,medium,true,uncertain_slate_performance_boundary,auto_split_candidate,pending,false,true,false,true,baseline straight
EXP_RS_XWC_001_MVP_PILOT_T051,RS_XWC_001_MVP_PILOT,RS_XWC_001,051,062,batch02,RS_XWC_001_MVP_PILOT_batch02,02_recordings/raw_audio/QINIST_001/XWC/RS_XWC_001_MVP_PILOT/raw/batch02.m4a,1e96ba37f96e88bb175d7ffa3bee65cd73e0465e7d92db50b18e623e8a7f8980,02_recordings/raw_audio/QINIST_001/XWC/RS_XWC_001_MVP_PILOT/experimental_split/working_wav/batch02_working.wav,RS_XWC_001_051,XWC_P08_N01,,AN_THUMB_9_GOU_5,大九勾五,atomic,chuo,chuo,24.500,27.000,0,1500,02_recordings/raw_audio/QINIST_001/XWC/RS_XWC_001_MVP_PILOT/experimental_split/segment_candidates/SEG_XWC_PILOT_T051_RS_XWC_001_051_AN_THUMB_9_GOU_5_chuo.wav,SEG_XWC_PILOT_T051_RS_XWC_001_051_AN_THUMB_9_GOU_5_chuo.wav,energy_sequential_alignment,0.58,medium,true,uncertain_slate_performance_boundary,auto_split_candidate,pending,false,true,false,true,普通按音默认绰 realization
EXP_RS_XWC_001_MVP_PILOT_T052,RS_XWC_001_MVP_PILOT,RS_XWC_001,052,046,batch02,RS_XWC_001_MVP_PILOT_batch02,02_recordings/raw_audio/QINIST_001/XWC/RS_XWC_001_MVP_PILOT/raw/batch02.m4a,1e96ba37f96e88bb175d7ffa3bee65cd73e0465e7d92db50b18e623e8a7f8980,02_recordings/raw_audio/QINIST_001/XWC/RS_XWC_001_MVP_PILOT/experimental_split/working_wav/batch02_working.wav,RS_XWC_001_052,XWC_P08_N02,,AN_THUMB_9_GOU_6_SHANG_79,大九勾六上七九,atomic,straight,none,27.000,30.500,0,2000,02_recordings/raw_audio/QINIST_001/XWC/RS_XWC_001_MVP_PILOT/experimental_split/segment_candidates/SEG_XWC_PILOT_T052_RS_XWC_001_052_AN_THUMB_9_GOU_6_SHANG_79_straight.wav,SEG_XWC_PILOT_T052_RS_XWC_001_052_AN_THUMB_9_GOU_6_SHANG_79_straight.wav,energy_sequential_alignment,0.58,medium,true,uncertain_slate_performance_boundary,auto_split_candidate,pending,false,true,false,true,baseline straight
EXP_RS_XWC_001_MVP_PILOT_T053,RS_XWC_001_MVP_PILOT,RS_XWC_001,053,063,batch02,RS_XWC_001_MVP_PILOT_batch02,02_recordings/raw_audio/QINIST_001/XWC/RS_XWC_001_MVP_PILOT/raw/batch02.m4a,1e96ba37f96e88bb175d7ffa3bee65cd73e0465e7d92db50b18e623e8a7f8980,02_recordings/raw_audio/QINIST_001/XWC/RS_XWC_001_MVP_PILOT/experimental_split/working_wav/batch02_working.wav,RS_XWC_001_053,XWC_P08_N02,,AN_THUMB_9_GOU_6_SHANG_79,大九勾六上七九,atomic,chuo,chuo,31.640,33.860,0,1180,02_recordings/raw_audio/QINIST_001/XWC/RS_XWC_001_MVP_PILOT/experimental_split/segment_candidates/SEG_XWC_PILOT_T053_RS_XWC_001_053_AN_THUMB_9_GOU_6_SHANG_79_chuo.wav,SEG_XWC_PILOT_T053_RS_XWC_001_053_AN_THUMB_9_GOU_6_SHANG_79_chuo.wav,energy_sequential_alignment,0.58,medium,true,uncertain_slate_performance_boundary,auto_split_candidate,pending,false,true,false,true,普通按音默认绰 realization
EXP_RS_XWC_001_MVP_PILOT_T054,RS_XWC_001_MVP_PILOT,RS_XWC_001,054,024,batch02,RS_XWC_001_MVP_PILOT_batch02,02_recordings/raw_audio/QINIST_001/XWC/RS_XWC_001_MVP_PILOT/raw/batch02.m4a,1e96ba37f96e88bb175d7ffa3bee65cd73e0465e7d92db50b18e623e8a7f8980,02_recordings/raw_audio/QINIST_001/XWC/RS_XWC_001_MVP_PILOT/experimental_split/working_wav/batch02_working.wav,RS_XWC_001_054,XWC_P08_N03,,SAN_TIAO_7,散挑七,atomic,straight,none,33.860,37.400,0,2000,02_recordings/raw_audio/QINIST_001/XWC/RS_XWC_001_MVP_PILOT/experimental_split/segment_candidates/SEG_XWC_PILOT_T054_RS_XWC_001_054_SAN_TIAO_7_straight.wav,SEG_XWC_PILOT_T054_RS_XWC_001_054_SAN_TIAO_7_straight.wav,energy_sequential_alignment,0.58,medium,true,uncertain_slate_performance_boundary,auto_split_candidate,pending,false,true,false,true,baseline straight
EXP_RS_XWC_001_MVP_PILOT_T055,RS_XWC_001_MVP_PILOT,RS_XWC_001,055,047,batch02,RS_XWC_001_MVP_PILOT_batch02,02_recordings/raw_audio/QINIST_001/XWC/RS_XWC_001_MVP_PILOT/raw/batch02.m4a,1e96ba37f96e88bb175d7ffa3bee65cd73e0465e7d92db50b18e623e8a7f8980,02_recordings/raw_audio/QINIST_001/XWC/RS_XWC_001_MVP_PILOT/experimental_split/working_wav/batch02_working.wav,RS_XWC_001_055,XWC_P08_N04,,AN_THUMB_9_GOU_4,大九勾四,atomic,straight,none,38.340,40.420,0,1120,02_recordings/raw_audio/QINIST_001/XWC/RS_XWC_001_MVP_PILOT/experimental_split/segment_candidates/SEG_XWC_PILOT_T055_RS_XWC_001_055_AN_THUMB_9_GOU_4_straight.wav,SEG_XWC_PILOT_T055_RS_XWC_001_055_AN_THUMB_9_GOU_4_straight.wav,energy_sequential_alignment,0.58,medium,true,uncertain_slate_performance_boundary,auto_split_candidate,pending,false,true,false,true,baseline straight
EXP_RS_XWC_001_MVP_PILOT_T056,RS_XWC_001_MVP_PILOT,RS_XWC_001,056,064,batch02,RS_XWC_001_MVP_PILOT_batch02,02_recordings/raw_audio/QINIST_001/XWC/RS_XWC_001_MVP_PILOT/raw/batch02.m4a,1e96ba37f96e88bb175d7ffa3bee65cd73e0465e7d92db50b18e623e8a7f8980,02_recordings/raw_audio/QINIST_001/XWC/RS_XWC_001_MVP_PILOT/experimental_split/working_wav/batch02_working.wav,RS_XWC_001_056,XWC_P08_N04,,AN_THUMB_9_GOU_4,大九勾四,atomic,chuo,chuo,40.420,43.480,0,2000,02_recordings/raw_audio/QINIST_001/XWC/RS_XWC_001_MVP_PILOT/experimental_split/segment_candidates/SEG_XWC_PILOT_T056_RS_XWC_001_056_AN_THUMB_9_GOU_4_chuo.wav,SEG_XWC_PILOT_T056_RS_XWC_001_056_AN_THUMB_9_GOU_4_chuo.wav,energy_sequential_alignment,0.58,medium,true,uncertain_slate_performance_boundary,auto_split_candidate,pending,false,true,false,true,普通按音默认绰 realization
EXP_RS_XWC_001_MVP_PILOT_T057,RS_XWC_001_MVP_PILOT,RS_XWC_001,057,048,batch02,RS_XWC_001_MVP_PILOT_batch02,02_recordings/raw_audio/QINIST_001/XWC/RS_XWC_001_MVP_PILOT/raw/batch02.m4a,1e96ba37f96e88bb175d7ffa3bee65cd73e0465e7d92db50b18e623e8a7f8980,02_recordings/raw_audio/QINIST_001/XWC/RS_XWC_001_MVP_PILOT/experimental_split/working_wav/batch02_working.wav,RS_XWC_001_057,XWC_P09_N01,,AN_THUMB_9_GOU_4_ZHUANG,大九勾四撞,atomic,straight,none,47.460,51.020,0,2000,02_recordings/raw_audio/QINIST_001/XWC/RS_XWC_001_MVP_PILOT/experimental_split/segment_candidates/SEG_XWC_PILOT_T057_RS_XWC_001_057_AN_THUMB_9_GOU_4_ZHUANG_straight.wav,SEG_XWC_PILOT_T057_RS_XWC_001_057_AN_THUMB_9_GOU_4_ZHUANG_straight.wav,energy_sequential_alignment,0.55,forced_review,true,zhuang_special_item,auto_split_candidate,pending,false,true,false,true,baseline straight
EXP_RS_XWC_001_MVP_PILOT_T058,RS_XWC_001_MVP_PILOT,RS_XWC_001,058,067,batch03,RS_XWC_001_MVP_PILOT_batch03,02_recordings/raw_audio/QINIST_001/XWC/RS_XWC_001_MVP_PILOT/raw/batch03.m4a,30f4febffab858af76f0656a1d2d0187160a485ec3457ffd3a31ba3bc43d243a,02_recordings/raw_audio/QINIST_001/XWC/RS_XWC_001_MVP_PILOT/experimental_split/working_wav/batch03_working.wav,RS_XWC_001_058,XWC_P09_N01,,AN_THUMB_9_GOU_4_ZHUANG,大九勾四撞,atomic,zhu,zhu,1.720,4.700,0,2000,02_recordings/raw_audio/QINIST_001/XWC/RS_XWC_001_MVP_PILOT/experimental_split/segment_candidates/SEG_XWC_PILOT_T058_RS_XWC_001_058_AN_THUMB_9_GOU_4_ZHUANG_zhu.wav,SEG_XWC_PILOT_T058_RS_XWC_001_058_AN_THUMB_9_GOU_4_ZHUANG_zhu.wav,energy_sequential_alignment,0.55,forced_review,true,zhu_special_item;zhuang_special_item;uncertain_slate_performance_boundary,auto_split_candidate,pending,false,true,false,true,谱面明示注
EXP_RS_XWC_001_MVP_PILOT_T059,RS_XWC_001_MVP_PILOT,RS_XWC_001,059,068,batch03,RS_XWC_001_MVP_PILOT_batch03,02_recordings/raw_audio/QINIST_001/XWC/RS_XWC_001_MVP_PILOT/raw/batch03.m4a,30f4febffab858af76f0656a1d2d0187160a485ec3457ffd3a31ba3bc43d243a,02_recordings/raw_audio/QINIST_001/XWC/RS_XWC_001_MVP_PILOT/experimental_split/working_wav/batch03_working.wav,RS_XWC_001_059,XWC_P09_N02,,AN_RING_10_QIAQI,名十掐起,atomic,atomic,none,7.560,10.600,0,2000,02_recordings/raw_audio/QINIST_001/XWC/RS_XWC_001_MVP_PILOT/experimental_split/segment_candidates/SEG_XWC_PILOT_T059_RS_XWC_001_059_AN_RING_10_QIAQI_atomic.wav,SEG_XWC_PILOT_T059_RS_XWC_001_059_AN_RING_10_QIAQI_atomic.wav,energy_sequential_alignment,0.55,forced_review,true,qiaqi_special_item;uncertain_slate_performance_boundary,auto_split_candidate,pending,false,true,false,true,掐起 atomic dummy
EXP_RS_XWC_001_MVP_PILOT_T060,RS_XWC_001_MVP_PILOT,RS_XWC_001,060,069,batch03,RS_XWC_001_MVP_PILOT_batch03,02_recordings/raw_audio/QINIST_001/XWC/RS_XWC_001_MVP_PILOT/raw/batch03.m4a,30f4febffab858af76f0656a1d2d0187160a485ec3457ffd3a31ba3bc43d243a,02_recordings/raw_audio/QINIST_001/XWC/RS_XWC_001_MVP_PILOT/experimental_split/working_wav/batch03_working.wav,RS_XWC_001_060,XWC_P09_N02,,AN_RING_10_QIAQI,名十掐起,context,context,none,15.560,18.560,0,2000,02_recordings/raw_audio/QINIST_001/XWC/RS_XWC_001_MVP_PILOT/experimental_split/segment_candidates/SEG_XWC_PILOT_T060_RS_XWC_001_060_AN_RING_10_QIAQI_context.wav,SEG_XWC_PILOT_T060_RS_XWC_001_060_AN_RING_10_QIAQI_context.wav,energy_sequential_alignment,0.55,forced_review,true,context_take;qiaqi_special_item;missing_event_range_context_take;uncertain_slate_performance_boundary,auto_split_candidate,pending,false,true,false,true,掐起 context dummy | WARNING: Context take is missing event_range; resolve before slicing or segment registration.
EXP_RS_XWC_001_MVP_PILOT_T061,RS_XWC_001_MVP_PILOT,RS_XWC_001,061,025,batch03,RS_XWC_001_MVP_PILOT_batch03,02_recordings/raw_audio/QINIST_001/XWC/RS_XWC_001_MVP_PILOT/raw/batch03.m4a,30f4febffab858af76f0656a1d2d0187160a485ec3457ffd3a31ba3bc43d243a,02_recordings/raw_audio/QINIST_001/XWC/RS_XWC_001_MVP_PILOT/experimental_split/working_wav/batch03_working.wav,RS_XWC_001_061,XWC_P09_N03,,SAN_TIAO_6,散挑六,atomic,straight,none,18.600,21.320,0,2000,02_recordings/raw_audio/QINIST_001/XWC/RS_XWC_001_MVP_PILOT/experimental_split/segment_candidates/SEG_XWC_PILOT_T061_RS_XWC_001_061_SAN_TIAO_6_straight.wav,SEG_XWC_PILOT_T061_RS_XWC_001_061_SAN_TIAO_6_straight.wav,energy_sequential_alignment,0.58,medium,true,uncertain_slate_performance_boundary,auto_split_candidate,pending,false,true,false,true,baseline straight
EXP_RS_XWC_001_MVP_PILOT_T062,RS_XWC_001_MVP_PILOT,RS_XWC_001,062,049,batch03,RS_XWC_001_MVP_PILOT_batch03,02_recordings/raw_audio/QINIST_001/XWC/RS_XWC_001_MVP_PILOT/raw/batch03.m4a,30f4febffab858af76f0656a1d2d0187160a485ec3457ffd3a31ba3bc43d243a,02_recordings/raw_audio/QINIST_001/XWC/RS_XWC_001_MVP_PILOT/experimental_split/working_wav/batch03_working.wav,RS_XWC_001_062,XWC_P09_N04,,AN_RING_10_GOU_4,名十勾四,atomic,straight,none,24.880,27.740,0,1680,02_recordings/raw_audio/QINIST_001/XWC/RS_XWC_001_MVP_PILOT/experimental_split/segment_candidates/SEG_XWC_PILOT_T062_RS_XWC_001_062_AN_RING_10_GOU_4_straight.wav,SEG_XWC_PILOT_T062_RS_XWC_001_062_AN_RING_10_GOU_4_straight.wav,energy_sequential_alignment,0.58,medium,true,uncertain_slate_performance_boundary,auto_split_candidate,pending,false,true,false,true,baseline straight
EXP_RS_XWC_001_MVP_PILOT_T063,RS_XWC_001_MVP_PILOT,RS_XWC_001,063,065,batch03,RS_XWC_001_MVP_PILOT_batch03,02_recordings/raw_audio/QINIST_001/XWC/RS_XWC_001_MVP_PILOT/raw/batch03.m4a,30f4febffab858af76f0656a1d2d0187160a485ec3457ffd3a31ba3bc43d243a,02_recordings/raw_audio/QINIST_001/XWC/RS_XWC_001_MVP_PILOT/experimental_split/working_wav/batch03_working.wav,RS_XWC_001_063,XWC_P09_N04,,AN_RING_10_GOU_4,名十勾四,atomic,chuo,chuo,27.740,30.680,0,2000,02_recordings/raw_audio/QINIST_001/XWC/RS_XWC_001_MVP_PILOT/experimental_split/segment_candidates/SEG_XWC_PILOT_T063_RS_XWC_001_063_AN_RING_10_GOU_4_chuo.wav,SEG_XWC_PILOT_T063_RS_XWC_001_063_AN_RING_10_GOU_4_chuo.wav,energy_sequential_alignment,0.58,medium,true,uncertain_slate_performance_boundary,auto_split_candidate,pending,false,true,false,true,普通按音默认绰 realization
EXP_RS_XWC_001_MVP_PILOT_T064,RS_XWC_001_MVP_PILOT,RS_XWC_001,064,026,batch03,RS_XWC_001_MVP_PILOT_batch03,02_recordings/raw_audio/QINIST_001/XWC/RS_XWC_001_MVP_PILOT/raw/batch03.m4a,30f4febffab858af76f0656a1d2d0187160a485ec3457ffd3a31ba3bc43d243a,02_recordings/raw_audio/QINIST_001/XWC/RS_XWC_001_MVP_PILOT/experimental_split/working_wav/batch03_working.wav,RS_XWC_001_064,XWC_P10_N01,,FAN_SHI_7_GOU_4,泛食七勾四,atomic,straight,none,34.620,36.740,0,960,02_recordings/raw_audio/QINIST_001/XWC/RS_XWC_001_MVP_PILOT/experimental_split/segment_candidates/SEG_XWC_PILOT_T064_RS_XWC_001_064_FAN_SHI_7_GOU_4_straight.wav,SEG_XWC_PILOT_T064_RS_XWC_001_064_FAN_SHI_7_GOU_4_straight.wav,energy_sequential_alignment,0.58,medium,true,uncertain_slate_performance_boundary,auto_split_candidate,pending,false,true,false,true,baseline straight
EXP_RS_XWC_001_MVP_PILOT_T065,RS_XWC_001_MVP_PILOT,RS_XWC_001,065,027,batch03,RS_XWC_001_MVP_PILOT_batch03,02_recordings/raw_audio/QINIST_001/XWC/RS_XWC_001_MVP_PILOT/raw/batch03.m4a,30f4febffab858af76f0656a1d2d0187160a485ec3457ffd3a31ba3bc43d243a,02_recordings/raw_audio/QINIST_001/XWC/RS_XWC_001_MVP_PILOT/experimental_split/working_wav/batch03_working.wav,RS_XWC_001_065,XWC_P10_N02,,FAN_SHI_7_TIAO_7,泛食七挑七,atomic,straight,none,36.740,39.480,0,2000,02_recordings/raw_audio/QINIST_001/XWC/RS_XWC_001_MVP_PILOT/experimental_split/segment_candidates/SEG_XWC_PILOT_T065_RS_XWC_001_065_FAN_SHI_7_TIAO_7_straight.wav,SEG_XWC_PILOT_T065_RS_XWC_001_065_FAN_SHI_7_TIAO_7_straight.wav,energy_sequential_alignment,0.58,medium,true,uncertain_slate_performance_boundary,auto_split_candidate,pending,false,true,false,true,baseline straight
EXP_RS_XWC_001_MVP_PILOT_T066,RS_XWC_001_MVP_PILOT,RS_XWC_001,066,028,batch03,RS_XWC_001_MVP_PILOT_batch03,02_recordings/raw_audio/QINIST_001/XWC/RS_XWC_001_MVP_PILOT/raw/batch03.m4a,30f4febffab858af76f0656a1d2d0187160a485ec3457ffd3a31ba3bc43d243a,02_recordings/raw_audio/QINIST_001/XWC/RS_XWC_001_MVP_PILOT/experimental_split/working_wav/batch03_working.wav,RS_XWC_001_066,XWC_P10_N03,,FAN_SHI_7_TIAO_6,泛食七挑六,atomic,straight,none,45.500,48.440,0,2000,02_recordings/raw_audio/QINIST_001/XWC/RS_XWC_001_MVP_PILOT/experimental_split/segment_candidates/SEG_XWC_PILOT_T066_RS_XWC_001_066_FAN_SHI_7_TIAO_6_straight.wav,SEG_XWC_PILOT_T066_RS_XWC_001_066_FAN_SHI_7_TIAO_6_straight.wav,energy_sequential_alignment,0.86,high,false,,auto_split_candidate,pending,false,true,false,true,baseline straight
EXP_RS_XWC_001_MVP_PILOT_T067,RS_XWC_001_MVP_PILOT,RS_XWC_001,067,029,batch03,RS_XWC_001_MVP_PILOT_batch03,02_recordings/raw_audio/QINIST_001/XWC/RS_XWC_001_MVP_PILOT/raw/batch03.m4a,30f4febffab858af76f0656a1d2d0187160a485ec3457ffd3a31ba3bc43d243a,02_recordings/raw_audio/QINIST_001/XWC/RS_XWC_001_MVP_PILOT/experimental_split/working_wav/batch03_working.wav,RS_XWC_001_067,XWC_P10_N04,,FAN_SHI_7_TIAO_4,泛食七挑四,atomic,straight,none,51.540,53.660,0,1060,02_recordings/raw_audio/QINIST_001/XWC/RS_XWC_001_MVP_PILOT/experimental_split/segment_candidates/SEG_XWC_PILOT_T067_RS_XWC_001_067_FAN_SHI_7_TIAO_4_straight.wav,SEG_XWC_PILOT_T067_RS_XWC_001_067_FAN_SHI_7_TIAO_4_straight.wav,energy_sequential_alignment,0.58,medium,true,uncertain_slate_performance_boundary,auto_split_candidate,pending,false,true,false,true,baseline straight
EXP_RS_XWC_001_MVP_PILOT_T068,RS_XWC_001_MVP_PILOT,RS_XWC_001,068,030,batch03,RS_XWC_001_MVP_PILOT_batch03,02_recordings/raw_audio/QINIST_001/XWC/RS_XWC_001_MVP_PILOT/raw/batch03.m4a,30f4febffab858af76f0656a1d2d0187160a485ec3457ffd3a31ba3bc43d243a,02_recordings/raw_audio/QINIST_001/XWC/RS_XWC_001_MVP_PILOT/experimental_split/working_wav/batch03_working.wav,RS_XWC_001_068,XWC_P10_N05,,FAN_ZHONG_7_GOU_1,泛中七勾一,atomic,straight,none,53.660,56.380,0,2000,02_recordings/raw_audio/QINIST_001/XWC/RS_XWC_001_MVP_PILOT/experimental_split/segment_candidates/SEG_XWC_PILOT_T068_RS_XWC_001_068_FAN_ZHONG_7_GOU_1_straight.wav,SEG_XWC_PILOT_T068_RS_XWC_001_068_FAN_ZHONG_7_GOU_1_straight.wav,energy_sequential_alignment,0.58,medium,true,uncertain_slate_performance_boundary,auto_split_candidate,pending,false,true,false,true,baseline straight
EXP_RS_XWC_001_MVP_PILOT_T069,RS_XWC_001_MVP_PILOT,RS_XWC_001,069,031,batch03,RS_XWC_001_MVP_PILOT_batch03,02_recordings/raw_audio/QINIST_001/XWC/RS_XWC_001_MVP_PILOT/raw/batch03.m4a,30f4febffab858af76f0656a1d2d0187160a485ec3457ffd3a31ba3bc43d243a,02_recordings/raw_audio/QINIST_001/XWC/RS_XWC_001_MVP_PILOT/experimental_split/working_wav/batch03_working.wav,RS_XWC_001_069,XWC_P10_N06,,FAN_DA_7_BO_6,泛大七擘六,atomic,straight,none,58.360,60.420,0,1080,02_recordings/raw_audio/QINIST_001/XWC/RS_XWC_001_MVP_PILOT/experimental_split/segment_candidates/SEG_XWC_PILOT_T069_RS_XWC_001_069_FAN_DA_7_BO_6_straight.wav,SEG_XWC_PILOT_T069_RS_XWC_001_069_FAN_DA_7_BO_6_straight.wav,energy_sequential_alignment,0.58,medium,true,uncertain_slate_performance_boundary,auto_split_candidate,pending,false,true,false,true,baseline straight
EXP_RS_XWC_001_MVP_PILOT_T070,RS_XWC_001_MVP_PILOT,RS_XWC_001,070,071,batch03,RS_XWC_001_MVP_PILOT_batch03,02_recordings/raw_audio/QINIST_001/XWC/RS_XWC_001_MVP_PILOT/raw/batch03.m4a,30f4febffab858af76f0656a1d2d0187160a485ec3457ffd3a31ba3bc43d243a,02_recordings/raw_audio/QINIST_001/XWC/RS_XWC_001_MVP_PILOT/experimental_split/working_wav/batch03_working.wav,RS_XWC_001_070,XWC_P10_N07,,FAN_DA7_ZHONG7_CUO_6_1,泛大七中七撮六一,atomic,straight,none,60.420,63.260,0,2000,02_recordings/raw_audio/QINIST_001/XWC/RS_XWC_001_MVP_PILOT/experimental_split/segment_candidates/SEG_XWC_PILOT_T070_RS_XWC_001_070_FAN_DA7_ZHONG7_CUO_6_1_straight.wav,SEG_XWC_PILOT_T070_RS_XWC_001_070_FAN_DA7_ZHONG7_CUO_6_1_straight.wav,energy_sequential_alignment,0.58,medium,true,uncertain_slate_performance_boundary,auto_split_candidate,pending,false,true,false,true,baseline straight
EXP_RS_XWC_001_MVP_PILOT_T071,RS_XWC_001_MVP_PILOT,RS_XWC_001,071,070,batch03,RS_XWC_001_MVP_PILOT_batch03,02_recordings/raw_audio/QINIST_001/XWC/RS_XWC_001_MVP_PILOT/raw/batch03.m4a,30f4febffab858af76f0656a1d2d0187160a485ec3457ffd3a31ba3bc43d243a,02_recordings/raw_audio/QINIST_001/XWC/RS_XWC_001_MVP_PILOT/experimental_split/working_wav/batch03_working.wav,RS_XWC_001_071,XWC_P09_N02,XWC_P09_N01_to_N02,AN_RING_10_QIAQI,名十掐起,context,context,none,66.360,68.760,0,1240,02_recordings/raw_audio/QINIST_001/XWC/RS_XWC_001_MVP_PILOT/experimental_split/segment_candidates/SEG_XWC_PILOT_T071_RS_XWC_001_071_AN_RING_10_QIAQI_context.wav,SEG_XWC_PILOT_T071_RS_XWC_001_071_AN_RING_10_QIAQI_context.wav,energy_sequential_alignment,0.55,forced_review,true,context_take;qiaqi_special_item;uncertain_slate_performance_boundary,auto_split_candidate,pending,false,true,false,true,撞到掐起建议上下文录制
